-- phpMyAdmin SQL Dump
-- version 4.7.0-rc1
-- https://www.phpmyadmin.net/
--
-- Host: 194.147.120.31
-- Generation Time: May 15, 2019 at 05:36 PM
-- Server version: 5.6.39-log
-- PHP Version: 5.6.30

SET SQL_MODE = "NO_AUTO_VALUE_ON_ZERO";
SET AUTOCOMMIT = 0;
START TRANSACTION;
SET time_zone = "+00:00";


/*!40101 SET @OLD_CHARACTER_SET_CLIENT=@@CHARACTER_SET_CLIENT */;
/*!40101 SET @OLD_CHARACTER_SET_RESULTS=@@CHARACTER_SET_RESULTS */;
/*!40101 SET @OLD_COLLATION_CONNECTION=@@COLLATION_CONNECTION */;
/*!40101 SET NAMES utf8mb4 */;

--
-- Database: `essentialmode`
--

-- --------------------------------------------------------

--
-- Table structure for table `addon_account`
--

CREATE TABLE `addon_account` (
  `name` varchar(60) NOT NULL,
  `label` varchar(255) NOT NULL,
  `shared` int(11) NOT NULL
) ENGINE=InnoDB DEFAULT CHARSET=latin1;

--
-- Dumping data for table `addon_account`
--

INSERT INTO `addon_account` (`name`, `label`, `shared`) VALUES
('caution', 'caution', 0),
('property_black_money', 'Money Sale Property', 0),
('society_ambulance', 'EMS', 1),
('society_cardealer', 'Cardealer', 1),
('society_mechanic', 'Mechanic', 1),
('society_police', 'Police', 1),
('society_taxi', 'Taxi', 1);

-- --------------------------------------------------------

--
-- Table structure for table `addon_account_data`
--

CREATE TABLE `addon_account_data` (
  `id` int(11) NOT NULL,
  `account_name` varchar(255) DEFAULT NULL,
  `money` double NOT NULL,
  `owner` varchar(255) DEFAULT NULL
) ENGINE=InnoDB DEFAULT CHARSET=latin1;

--
-- Dumping data for table `addon_account_data`
--

INSERT INTO `addon_account_data` (`id`, `account_name`, `money`, `owner`) VALUES
(1, 'society_police', 1205, NULL),
(2, 'society_cardealer', 0, NULL),
(3, 'caution', 0, 'steam:110000100a8294c'),
(4, 'property_black_money', 0, 'steam:110000100a8294c'),
(5, 'society_mechanic', 5401, NULL),
(6, 'society_taxi', 0, NULL),
(7, 'caution', 0, 'Char1:110000101917bfc'),
(8, 'property_black_money', 0, 'Char1:110000101917bfc'),
(9, 'society_ambulance', 0, NULL),
(10, 'caution', 0, 'steam:110000100a8294c'),
(11, 'property_black_money', 0, 'steam:110000100a8294c'),
(14, 'caution', 0, 'Char1:1100001139f4e45'),
(15, 'property_black_money', 0, 'Char1:1100001139f4e45'),
(16, 'caution', 0, 'steam:11000010a700f57'),
(17, 'property_black_money', 0, 'steam:11000010a700f57'),
(20, 'caution', 0, 'steam:11000010cae89f6'),
(21, 'property_black_money', 0, 'steam:11000010cae89f6'),
(22, 'caution', 400, 'Char1:110000108be35c6'),
(23, 'property_black_money', 0, 'Char1:110000108be35c6'),
(24, 'caution', 700, 'steam:11000010530efb9'),
(25, 'property_black_money', 0, 'steam:11000010530efb9'),
(26, 'caution', 0, 'steam:11000010670cfb3'),
(27, 'property_black_money', 0, 'steam:11000010670cfb3'),
(28, 'caution', 0, 'steam:11000010670cfb3'),
(29, 'property_black_money', 0, 'steam:11000010670cfb3'),
(30, 'caution', 0, 'steam:1100001063b7cc2'),
(31, 'property_black_money', 0, 'steam:1100001063b7cc2'),
(32, 'caution', 400, 'Char1:110000108be35c6'),
(33, 'property_black_money', 0, 'Char1:110000108be35c6'),
(34, 'caution', 0, 'steam:110000136441712'),
(35, 'property_black_money', 0, 'steam:110000136441712'),
(36, 'caution', 0, 'Char1:110000101917bfc'),
(37, 'property_black_money', 0, 'Char1:110000101917bfc'),
(38, 'caution', 0, 'Char1:110000108be35c6'),
(39, 'property_black_money', 0, 'Char1:110000108be35c6'),
(40, 'caution', 0, 'steam:1100001337336fa'),
(41, 'property_black_money', 0, 'steam:1100001337336fa'),
(42, 'caution', 0, 'steam:1100001050a5e61'),
(43, 'property_black_money', 0, 'steam:1100001050a5e61'),
(44, 'caution', 0, 'steam:110000108be35c6'),
(45, 'property_black_money', 0, 'steam:110000108be35c6'),
(46, 'caution', 0, 'steam:110000117f1fdc6'),
(47, 'property_black_money', 0, 'steam:110000117f1fdc6'),
(48, 'caution', 0, 'steam:11000011895b45c'),
(49, 'property_black_money', 0, 'steam:11000011895b45c'),
(50, 'caution', 0, 'steam:110000111bca201'),
(51, 'property_black_money', 0, 'steam:110000111bca201'),
(52, 'caution', 0, 'steam:1100001139909d2'),
(53, 'property_black_money', 0, 'steam:1100001139909d2'),
(54, 'caution', 0, 'steam:110000100a8294c'),
(55, 'property_black_money', 0, 'steam:110000100a8294c'),
(56, 'caution', 0, 'Char1:110000101917bfc'),
(57, 'property_black_money', 0, 'Char1:110000101917bfc'),
(58, 'caution', 0, 'steam:11000013b5ee510'),
(59, 'property_black_money', 0, 'steam:11000013b5ee510'),
(60, 'caution', 0, 'steam:110000107aeb9ba'),
(61, 'property_black_money', 0, 'steam:110000107aeb9ba'),
(62, 'caution', 0, 'steam:110000134e58e98'),
(63, 'property_black_money', 0, 'steam:110000134e58e98'),
(64, 'caution', 0, 'steam:1100001347c40b7'),
(65, 'property_black_money', 0, 'steam:1100001347c40b7'),
(66, 'caution', 0, 'steam:11000011183195e'),
(67, 'property_black_money', 0, 'steam:11000011183195e'),
(68, 'property_black_money', 0, 'steam:110000100a8294c'),
(69, 'caution', 0, 'steam:110000100a8294c'),
(70, 'caution', 0, 'steam:110000107e3d0e9'),
(71, 'property_black_money', 0, 'steam:110000107e3d0e9'),
(72, 'caution', 0, 'steam:110000100a8294c'),
(73, 'property_black_money', 0, 'steam:110000100a8294c'),
(74, 'caution', 0, 'steam:11000010ae8dcf4'),
(75, 'property_black_money', 0, 'steam:11000010ae8dcf4'),
(76, 'caution', 0, 'steam:1100001188a7132'),
(77, 'property_black_money', 0, 'steam:1100001188a7132'),
(78, 'caution', 0, 'steam:11000013813f194'),
(79, 'property_black_money', 0, 'steam:11000013813f194'),
(80, 'caution', 0, 'steam:110000111a12a7c'),
(81, 'property_black_money', 0, 'steam:110000111a12a7c'),
(82, 'caution', 0, 'steam:11000013b4470cb'),
(83, 'property_black_money', 0, 'steam:11000013b4470cb'),
(84, 'caution', 0, 'Char1:110000116adf2be'),
(85, 'property_black_money', 0, 'Char1:110000116adf2be'),
(86, 'caution', 0, 'steam:110000108645f75'),
(87, 'property_black_money', 0, 'steam:110000108645f75'),
(88, 'caution', 0, 'steam:11000011517e46a'),
(89, 'property_black_money', 0, 'steam:11000011517e46a'),
(90, 'caution', 0, 'Char1:11000010cfa434a'),
(91, 'property_black_money', 0, 'Char1:11000010cfa434a'),
(92, 'caution', 0, 'steam:11000010568f675'),
(93, 'property_black_money', 0, 'steam:11000010568f675'),
(94, 'caution', 0, 'steam:11000010a2d91bc'),
(95, 'property_black_money', 0, 'steam:11000010a2d91bc'),
(96, 'caution', 0, 'steam:110000108be35c6'),
(97, 'property_black_money', 0, 'steam:110000108be35c6'),
(98, 'caution', 0, 'steam:1100001004697cf'),
(99, 'property_black_money', 0, 'steam:1100001004697cf'),
(100, 'caution', 0, 'steam:11000010ed08604'),
(101, 'property_black_money', 0, 'steam:11000010ed08604'),
(102, 'caution', 0, 'steam:11000013481a568'),
(103, 'property_black_money', 0, 'steam:11000013481a568'),
(104, 'caution', 0, 'steam:11000010a693f36'),
(105, 'property_black_money', 0, 'steam:11000010a693f36'),
(106, 'caution', 0, 'steam:1100001091a359d'),
(107, 'property_black_money', 0, 'steam:1100001091a359d'),
(108, 'caution', 0, 'steam:11000010b229b3e'),
(109, 'property_black_money', 0, 'steam:11000010b229b3e');

-- --------------------------------------------------------

--
-- Table structure for table `addon_inventory`
--

CREATE TABLE `addon_inventory` (
  `name` varchar(60) NOT NULL,
  `label` varchar(255) NOT NULL,
  `shared` int(11) NOT NULL
) ENGINE=InnoDB DEFAULT CHARSET=latin1;

--
-- Dumping data for table `addon_inventory`
--

INSERT INTO `addon_inventory` (`name`, `label`, `shared`) VALUES
('property', 'Property', 0),
('society_ambulance', 'EMS', 1),
('society_cardealer', 'Cardealer', 1),
('society_mechanic', 'Mechanic', 1),
('society_police', 'Police', 1),
('society_taxi', 'Taxi', 1);

-- --------------------------------------------------------

--
-- Table structure for table `addon_inventory_items`
--

CREATE TABLE `addon_inventory_items` (
  `id` int(11) NOT NULL,
  `inventory_name` varchar(255) NOT NULL,
  `name` varchar(255) NOT NULL,
  `count` int(11) NOT NULL,
  `owner` varchar(60) DEFAULT NULL
) ENGINE=InnoDB DEFAULT CHARSET=latin1;

--
-- Dumping data for table `addon_inventory_items`
--

INSERT INTO `addon_inventory_items` (`id`, `inventory_name`, `name`, `count`, `owner`) VALUES
(1, 'society_taxi', 'marijuana', 10, NULL),
(2, 'society_mechanic', 'stone', 5, NULL);

-- --------------------------------------------------------

--
-- Table structure for table `billing`
--

CREATE TABLE `billing` (
  `id` int(11) NOT NULL,
  `identifier` varchar(255) NOT NULL,
  `sender` varchar(255) NOT NULL,
  `target_type` varchar(50) NOT NULL,
  `target` varchar(255) NOT NULL,
  `label` varchar(255) NOT NULL,
  `amount` int(11) NOT NULL
) ENGINE=InnoDB DEFAULT CHARSET=latin1;

-- --------------------------------------------------------

--
-- Table structure for table `cardealer_vehicles`
--

CREATE TABLE `cardealer_vehicles` (
  `id` int(11) NOT NULL,
  `vehicle` varchar(255) NOT NULL,
  `price` int(11) NOT NULL
) ENGINE=InnoDB DEFAULT CHARSET=latin1;

-- --------------------------------------------------------

--
-- Table structure for table `characters`
--

CREATE TABLE `characters` (
  `id` int(11) NOT NULL,
  `identifier` varchar(255) NOT NULL,
  `firstname` varchar(255) NOT NULL,
  `lastname` varchar(255) NOT NULL,
  `dateofbirth` varchar(255) NOT NULL,
  `sex` varchar(1) NOT NULL DEFAULT 'M',
  `height` varchar(128) NOT NULL
) ENGINE=InnoDB DEFAULT CHARSET=latin1;

--
-- Dumping data for table `characters`
--

INSERT INTO `characters` (`id`, `identifier`, `firstname`, `lastname`, `dateofbirth`, `sex`, `height`) VALUES
(1, 'steam:110000100a8294c', 'Bill', 'Brexit', '1998-04-10', 'm', '178'),
(2, 'Char1:110000101917bfc', 'Adam', 'Cromwell', '1992-06-16', 'm', '170'),
(3, 'Char2:110000100a8294c', 'Sam', 'Strong', '1975-02-13', 'm', '179'),
(7, 'steam:11000010a700f57', 'Marcus', 'Vern', '1997-06-19', 'm', '190'),
(9, 'steam:11000010670cfb3', 'Aloysius', 'McGillicutty', '1963-04-16', 'm', '184'),
(10, 'steam:11000010cae89f6', 'Juan', 'Rodriguez', '1989-06-30', 'm', '168'),
(11, 'Char1:110000108be35c6', 'Steve', 'Wilson ', '1989-06-01', 'm', '189'),
(12, 'steam:11000010530efb9', 'Jinks', 'Foster', '1988-04-04', 'm', '160'),
(13, 'steam:1100001063b7cc2', 'Daniel ', 'Richards', '1980', 'm', '182'),
(15, 'steam:110000136441712', 'Martin', 'Dickens', '4718', 'm', '140'),
(16, 'steam:110000108be35c6', 'Dave', 'Richardson', '1989/06/01', 'm', '189'),
(17, 'steam:1100001050a5e61', 'Leon', 'Ardo', '01/01/1990', 'm', '183'),
(18, 'steam:110000117f1fdc6', 'Pepe', 'Hamed', '1997/06/06', 'm', '140'),
(19, 'steam:11000011895b45c', 'Mike', 'Poulsen', '21 marts. ', 'm', '179'),
(20, 'steam:110000111bca201', 'Mark', 'Alpat', '1990', 'm', '190'),
(22, 'Char3:110000100a8294c', 'Reginald', 'Perrin', '1945/04/10', 'm', '170'),
(23, 'steam:110000104b06470', 'Miles', 'Malloy', '1951-04-25', 'm', '183'),
(24, 'steam:110000101917bfc', 'Johnny', 'Bells', '1992-06-16', 'm', '150'),
(25, 'steam:1100001139909d2', 'Dylan', 'Bosa', '10 02 1974', 'm', '200'),
(26, 'steam:110000107aeb9ba', 'Bill', 'Phillips', '1995-09-13', 'm', '180'),
(27, 'steam:110000134e58e98', 'Bartolo', 'El Chico', '1960/10/10', 'm', '200'),
(28, 'steam:1100001347c40b7', 'Alex', 'Corner', '4/25/90', 'm', '140'),
(29, 'steam:11000011183195e', 'Megan', 'Coop', '1998-04-22', 'f', '140'),
(30, 'steam:110000107e3d0e9', 'Chet', 'Witherspoon', '10231979', 'm', '200'),
(31, 'Char3:110000108be35c6', 'Steve', 'Wilson', '1989/06/01', 'm', '155'),
(32, 'steam:1100001188a7132', 'Bo', 'Jensen', '1999/01/02', 'm', '170'),
(33, 'steam:110000111a12a7c', 'ALAN', 'Yulun', '1999/05/17', 'm', '186'),
(34, 'steam:11000013b4470cb', 'Ddmin', 'Asdds', '1990/09/11', 'm', '150'),
(35, 'Char1:110000116adf2be', 'Lex', 'Hex', '1992-10-20', 'm', '175'),
(36, 'steam:110000108645f75', 'Gabriel', 'Santana', '1996-08-15', 'm', '171'),
(37, 'steam:11000011517e46a', 'Jhon', 'Wyatt', '1995-05-10', 'm', '187'),
(38, 'Char1:11000010cfa434a', 'Filipe', 'Macovski', '1999-06-16', 'm', '189'),
(39, 'steam:11000010cfa434a', 'Filipe', 'Maco', '1999-06-16', 'm', '189'),
(40, 'steam:11000010568f675', 'Dadas', 'ADsda', '02-02/19', 'm', '200'),
(41, 'steam:11000010a2d91bc', 'Larry ', 'Bonds', '19860212', 'm', '170'),
(42, 'steam:110000116adf2be', 'Hector ', 'Guzman', '1992-10-20', 'm', '176'),
(43, 'steam:11000010a693f36', 'CHE', 'LIN', '19910910', 'm', '175'),
(44, 'steam:1100001091a359d', 'Pooya', 'Maraz', '1999-21-02', 'm', '180'),
(45, 'steam:11000010b229b3e', 'John', 'Dillinger', '1980', 'm', '180');

-- --------------------------------------------------------

--
-- Table structure for table `datastore`
--

CREATE TABLE `datastore` (
  `name` varchar(60) NOT NULL,
  `label` varchar(255) NOT NULL,
  `shared` int(11) NOT NULL
) ENGINE=InnoDB DEFAULT CHARSET=latin1;

--
-- Dumping data for table `datastore`
--

INSERT INTO `datastore` (`name`, `label`, `shared`) VALUES
('property', 'Property', 0),
('society_ambulance', 'EMS', 1),
('society_police', 'Police', 1),
('society_taxi', 'Taxi', 1),
('user_ears', 'Ears', 0),
('user_glasses', 'Glasses', 0),
('user_helmet', 'Helmet', 0),
('user_mask', 'Mask', 0);

-- --------------------------------------------------------

--
-- Table structure for table `datastore_data`
--

CREATE TABLE `datastore_data` (
  `id` int(11) NOT NULL,
  `name` varchar(60) NOT NULL,
  `owner` varchar(60) DEFAULT NULL,
  `data` longtext
) ENGINE=InnoDB DEFAULT CHARSET=latin1;

--
-- Dumping data for table `datastore_data`
--

INSERT INTO `datastore_data` (`id`, `name`, `owner`, `data`) VALUES
(1, 'society_police', NULL, '{}'),
(2, 'property', 'steam:110000100a8294c', '{\"dressing\":[{\"skin\":{\"complexion_1\":0,\"helmet_1\":10,\"ears_1\":-1,\"makeup_3\":0,\"eye_color\":0,\"sun_1\":0,\"age_1\":0,\"blemishes_1\":0,\"pants_2\":0,\"lipstick_1\":0,\"shoes_1\":25,\"glasses_2\":1,\"pants_1\":10,\"mask_2\":0,\"eyebrows_1\":0,\"beard_3\":0,\"moles_1\":0,\"lipstick_3\":0,\"beard_2\":8,\"lipstick_4\":0,\"mask_1\":0,\"age_2\":0,\"arms_2\":0,\"torso_1\":143,\"glasses_1\":5,\"bracelets_1\":2,\"hair_1\":2,\"beard_4\":1,\"decals_1\":0,\"bodyb_2\":0,\"watches_2\":0,\"tshirt_2\":0,\"face\":0,\"moles_2\":0,\"lipstick_2\":0,\"chain_2\":0,\"blush_3\":0,\"makeup_1\":0,\"hair_color_2\":2,\"blush_2\":0,\"ears_2\":0,\"makeup_2\":0,\"eyebrows_3\":0,\"bracelets_2\":0,\"helmet_2\":6,\"chest_1\":0,\"beard_1\":10,\"sex\":0,\"blemishes_2\":0,\"arms\":1,\"tshirt_1\":38,\"chain_1\":1,\"eyebrows_2\":0,\"watches_1\":-1,\"decals_2\":0,\"torso_2\":7,\"makeup_4\":0,\"chest_2\":0,\"blush_1\":0,\"chest_3\":0,\"sun_2\":0,\"complexion_2\":0,\"shoes_2\":0,\"hair_2\":2,\"bags_1\":0,\"eyebrows_4\":0,\"skin\":6,\"bags_2\":0,\"bproof_2\":0,\"hair_color_1\":0,\"bproof_1\":0,\"bodyb_1\":0},\"label\":\"PD Day\"}],\"weapons\":[{\"ammo\":81,\"name\":\"WEAPON_PISTOL\"}]}'),
(3, 'society_taxi', NULL, '{}'),
(4, 'property', 'Char1:110000101917bfc', '{}'),
(5, 'society_ambulance', NULL, '{}'),
(6, 'user_ears', 'steam:110000100a8294c', '{}'),
(7, 'user_glasses', 'steam:110000100a8294c', '{\"hasGlasses\":true,\"skin\":{\"glasses_2\":5,\"glasses_1\":8}}'),
(8, 'user_helmet', 'steam:110000100a8294c', '{}'),
(9, 'user_mask', 'steam:110000100a8294c', '{}'),
(20, 'user_ears', 'Char1:110000101917bfc', '{}'),
(21, 'user_glasses', 'Char1:110000101917bfc', '{\"skin\":{\"glasses_2\":7,\"glasses_1\":17},\"hasGlasses\":true}'),
(22, 'user_helmet', 'Char1:110000101917bfc', '{}'),
(23, 'user_mask', 'Char1:110000101917bfc', '{}'),
(24, 'user_mask', 'Char1:1100001139f4e45', '{}'),
(25, 'property', 'Char1:1100001139f4e45', '{}'),
(26, 'user_ears', 'Char1:1100001139f4e45', '{}'),
(27, 'user_glasses', 'Char1:1100001139f4e45', '{}'),
(28, 'user_helmet', 'Char1:1100001139f4e45', '{}'),
(29, 'user_mask', 'steam:11000010a700f57', '{}'),
(30, 'property', 'steam:11000010a700f57', '{}'),
(31, 'user_ears', 'steam:11000010a700f57', '{}'),
(32, 'user_glasses', 'steam:11000010a700f57', '{}'),
(33, 'user_helmet', 'steam:11000010a700f57', '{}'),
(39, 'property', 'steam:11000010cae89f6', '{}'),
(40, 'user_ears', 'steam:11000010cae89f6', '{}'),
(41, 'user_glasses', 'steam:11000010cae89f6', '{}'),
(42, 'user_helmet', 'steam:11000010cae89f6', '{}'),
(43, 'user_mask', 'steam:11000010cae89f6', '{}'),
(44, 'property', 'Char1:110000108be35c6', '{}'),
(45, 'user_ears', 'Char1:110000108be35c6', '{}'),
(46, 'user_glasses', 'Char1:110000108be35c6', '{}'),
(47, 'user_helmet', 'Char1:110000108be35c6', '{}'),
(48, 'user_mask', 'Char1:110000108be35c6', '{}'),
(49, 'property', 'steam:11000010530efb9', '{\"dressing\":[[]]}'),
(50, 'user_mask', 'steam:11000010530efb9', '{}'),
(51, 'user_ears', 'steam:11000010530efb9', '{}'),
(52, 'user_helmet', 'steam:11000010530efb9', '{}'),
(53, 'user_glasses', 'steam:11000010530efb9', '{}'),
(54, 'property', 'steam:11000010670cfb3', '{}'),
(55, 'user_ears', 'steam:11000010670cfb3', '{}'),
(56, 'user_glasses', 'steam:11000010670cfb3', '{}'),
(57, 'user_helmet', 'steam:11000010670cfb3', '{}'),
(58, 'user_mask', 'steam:11000010670cfb3', '{}'),
(64, 'property', 'steam:1100001063b7cc2', '{}'),
(65, 'user_ears', 'steam:1100001063b7cc2', '{}'),
(66, 'user_glasses', 'steam:1100001063b7cc2', '{}'),
(67, 'user_helmet', 'steam:1100001063b7cc2', '{}'),
(68, 'user_mask', 'steam:1100001063b7cc2', '{}'),
(69, 'property', 'steam:110000136441712', '{}'),
(70, 'user_ears', 'steam:110000136441712', '{}'),
(71, 'user_glasses', 'steam:110000136441712', '{}'),
(72, 'user_helmet', 'steam:110000136441712', '{}'),
(73, 'user_mask', 'steam:110000136441712', '{}'),
(84, 'property', 'steam:1100001337336fa', '{}'),
(85, 'user_ears', 'steam:1100001337336fa', '{}'),
(86, 'user_glasses', 'steam:1100001337336fa', '{}'),
(87, 'user_helmet', 'steam:1100001337336fa', '{}'),
(88, 'user_mask', 'steam:1100001337336fa', '{}'),
(89, 'property', 'steam:1100001050a5e61', '{}'),
(90, 'user_ears', 'steam:1100001050a5e61', '{}'),
(91, 'user_glasses', 'steam:1100001050a5e61', '{}'),
(92, 'user_helmet', 'steam:1100001050a5e61', '{}'),
(93, 'user_mask', 'steam:1100001050a5e61', '{}'),
(94, 'property', 'steam:110000108be35c6', '{}'),
(95, 'user_ears', 'steam:110000108be35c6', '{}'),
(96, 'user_glasses', 'steam:110000108be35c6', '{}'),
(97, 'user_helmet', 'steam:110000108be35c6', '{}'),
(98, 'user_mask', 'steam:110000108be35c6', '{}'),
(99, 'property', 'steam:110000117f1fdc6', '{}'),
(100, 'user_ears', 'steam:110000117f1fdc6', '{}'),
(101, 'user_glasses', 'steam:110000117f1fdc6', '{}'),
(102, 'user_helmet', 'steam:110000117f1fdc6', '{}'),
(103, 'user_mask', 'steam:110000117f1fdc6', '{}'),
(104, 'property', 'steam:11000011895b45c', '{}'),
(105, 'user_ears', 'steam:11000011895b45c', '{}'),
(106, 'user_glasses', 'steam:11000011895b45c', '{}'),
(107, 'user_helmet', 'steam:11000011895b45c', '{}'),
(108, 'user_mask', 'steam:11000011895b45c', '{}'),
(109, 'property', 'steam:110000111bca201', '{}'),
(110, 'user_ears', 'steam:110000111bca201', '{}'),
(111, 'user_glasses', 'steam:110000111bca201', '{}'),
(112, 'user_helmet', 'steam:110000111bca201', '{}'),
(113, 'user_mask', 'steam:110000111bca201', '{}'),
(114, 'property', 'steam:1100001139909d2', '{}'),
(115, 'user_ears', 'steam:1100001139909d2', '{}'),
(116, 'user_glasses', 'steam:1100001139909d2', '{}'),
(117, 'user_helmet', 'steam:1100001139909d2', '{}'),
(118, 'user_mask', 'steam:1100001139909d2', '{}'),
(129, 'property', 'steam:11000013b5ee510', '{}'),
(130, 'user_ears', 'steam:11000013b5ee510', '{}'),
(131, 'user_glasses', 'steam:11000013b5ee510', '{}'),
(132, 'user_helmet', 'steam:11000013b5ee510', '{}'),
(133, 'user_mask', 'steam:11000013b5ee510', '{}'),
(134, 'property', 'steam:110000107aeb9ba', '{}'),
(135, 'user_ears', 'steam:110000107aeb9ba', '{}'),
(136, 'user_glasses', 'steam:110000107aeb9ba', '{}'),
(137, 'user_helmet', 'steam:110000107aeb9ba', '{}'),
(138, 'user_mask', 'steam:110000107aeb9ba', '{}'),
(139, 'property', 'steam:110000134e58e98', '{}'),
(140, 'user_ears', 'steam:110000134e58e98', '{}'),
(141, 'user_glasses', 'steam:110000134e58e98', '{}'),
(142, 'user_helmet', 'steam:110000134e58e98', '{}'),
(143, 'user_mask', 'steam:110000134e58e98', '{}'),
(144, 'property', 'steam:1100001347c40b7', '{}'),
(145, 'user_ears', 'steam:1100001347c40b7', '{}'),
(146, 'user_glasses', 'steam:1100001347c40b7', '{}'),
(147, 'user_helmet', 'steam:1100001347c40b7', '{}'),
(148, 'user_mask', 'steam:1100001347c40b7', '{}'),
(149, 'property', 'steam:11000011183195e', '{}'),
(150, 'user_ears', 'steam:11000011183195e', '{}'),
(151, 'user_glasses', 'steam:11000011183195e', '{}'),
(152, 'user_helmet', 'steam:11000011183195e', '{}'),
(153, 'user_mask', 'steam:11000011183195e', '{}'),
(159, 'property', 'steam:110000107e3d0e9', '{}'),
(160, 'user_ears', 'steam:110000107e3d0e9', '{}'),
(161, 'user_glasses', 'steam:110000107e3d0e9', '{}'),
(162, 'user_helmet', 'steam:110000107e3d0e9', '{}'),
(163, 'user_mask', 'steam:110000107e3d0e9', '{}'),
(169, 'property', 'steam:11000010ae8dcf4', '{}'),
(170, 'user_ears', 'steam:11000010ae8dcf4', '{}'),
(171, 'user_glasses', 'steam:11000010ae8dcf4', '{}'),
(172, 'user_helmet', 'steam:11000010ae8dcf4', '{}'),
(173, 'user_mask', 'steam:11000010ae8dcf4', '{}'),
(174, 'property', 'steam:1100001188a7132', '{}'),
(175, 'user_ears', 'steam:1100001188a7132', '{}'),
(176, 'user_glasses', 'steam:1100001188a7132', '{}'),
(177, 'user_helmet', 'steam:1100001188a7132', '{}'),
(178, 'user_mask', 'steam:1100001188a7132', '{}'),
(179, 'property', 'steam:11000013813f194', '{}'),
(180, 'user_ears', 'steam:11000013813f194', '{}'),
(181, 'user_glasses', 'steam:11000013813f194', '{}'),
(182, 'user_helmet', 'steam:11000013813f194', '{}'),
(183, 'user_mask', 'steam:11000013813f194', '{}'),
(184, 'property', 'steam:110000111a12a7c', '{}'),
(185, 'user_ears', 'steam:110000111a12a7c', '{}'),
(186, 'user_glasses', 'steam:110000111a12a7c', '{}'),
(187, 'user_helmet', 'steam:110000111a12a7c', '{}'),
(188, 'user_mask', 'steam:110000111a12a7c', '{}'),
(189, 'property', 'steam:11000013b4470cb', '{}'),
(190, 'user_ears', 'steam:11000013b4470cb', '{}'),
(191, 'user_glasses', 'steam:11000013b4470cb', '{}'),
(192, 'user_helmet', 'steam:11000013b4470cb', '{}'),
(193, 'user_mask', 'steam:11000013b4470cb', '{}'),
(194, 'property', 'Char1:110000116adf2be', '{}'),
(195, 'user_ears', 'Char1:110000116adf2be', '{}'),
(196, 'user_glasses', 'Char1:110000116adf2be', '{}'),
(197, 'user_helmet', 'Char1:110000116adf2be', '{}'),
(198, 'user_mask', 'Char1:110000116adf2be', '{}'),
(199, 'property', 'steam:110000108645f75', '{}'),
(200, 'user_ears', 'steam:110000108645f75', '{}'),
(201, 'user_glasses', 'steam:110000108645f75', '{}'),
(202, 'user_helmet', 'steam:110000108645f75', '{}'),
(203, 'user_mask', 'steam:110000108645f75', '{}'),
(204, 'property', 'steam:11000011517e46a', '{}'),
(205, 'user_ears', 'steam:11000011517e46a', '{}'),
(206, 'user_glasses', 'steam:11000011517e46a', '{}'),
(207, 'user_helmet', 'steam:11000011517e46a', '{}'),
(208, 'user_mask', 'steam:11000011517e46a', '{}'),
(209, 'property', 'Char1:11000010cfa434a', '{}'),
(210, 'user_ears', 'Char1:11000010cfa434a', '{}'),
(211, 'user_glasses', 'Char1:11000010cfa434a', '{}'),
(212, 'user_helmet', 'Char1:11000010cfa434a', '{}'),
(213, 'user_mask', 'Char1:11000010cfa434a', '{}'),
(214, 'property', 'steam:11000010568f675', '{}'),
(215, 'user_ears', 'steam:11000010568f675', '{}'),
(216, 'user_glasses', 'steam:11000010568f675', '{}'),
(217, 'user_helmet', 'steam:11000010568f675', '{}'),
(218, 'user_mask', 'steam:11000010568f675', '{}'),
(219, 'property', 'steam:11000010a2d91bc', '{}'),
(220, 'user_ears', 'steam:11000010a2d91bc', '{}'),
(221, 'user_glasses', 'steam:11000010a2d91bc', '{}'),
(222, 'user_helmet', 'steam:11000010a2d91bc', '{}'),
(223, 'user_mask', 'steam:11000010a2d91bc', '{}'),
(224, 'property', 'steam:1100001004697cf', '{}'),
(225, 'user_ears', 'steam:1100001004697cf', '{}'),
(226, 'user_glasses', 'steam:1100001004697cf', '{}'),
(227, 'user_helmet', 'steam:1100001004697cf', '{}'),
(228, 'user_mask', 'steam:1100001004697cf', '{}'),
(229, 'property', 'steam:11000010ed08604', '{}'),
(230, 'user_ears', 'steam:11000010ed08604', '{}'),
(231, 'user_helmet', 'steam:11000010ed08604', '{}'),
(232, 'user_glasses', 'steam:11000010ed08604', '{}'),
(233, 'user_mask', 'steam:11000010ed08604', '{}'),
(234, 'property', 'steam:11000013481a568', '{}'),
(235, 'user_ears', 'steam:11000013481a568', '{}'),
(236, 'user_glasses', 'steam:11000013481a568', '{}'),
(237, 'user_helmet', 'steam:11000013481a568', '{}'),
(238, 'user_mask', 'steam:11000013481a568', '{}'),
(239, 'property', 'steam:11000010a693f36', '{}'),
(240, 'user_ears', 'steam:11000010a693f36', '{}'),
(241, 'user_glasses', 'steam:11000010a693f36', '{}'),
(242, 'user_helmet', 'steam:11000010a693f36', '{}'),
(243, 'user_mask', 'steam:11000010a693f36', '{}'),
(244, 'property', 'steam:1100001091a359d', '{}'),
(245, 'user_ears', 'steam:1100001091a359d', '{}'),
(246, 'user_helmet', 'steam:1100001091a359d', '{}'),
(247, 'user_mask', 'steam:1100001091a359d', '{}'),
(248, 'user_glasses', 'steam:1100001091a359d', '{}'),
(249, 'property', 'steam:11000010b229b3e', '{}'),
(250, 'user_ears', 'steam:11000010b229b3e', '{}'),
(251, 'user_glasses', 'steam:11000010b229b3e', '{}'),
(252, 'user_helmet', 'steam:11000010b229b3e', '{}'),
(253, 'user_mask', 'steam:11000010b229b3e', '{}');

-- --------------------------------------------------------

--
-- Table structure for table `fine_types`
--

CREATE TABLE `fine_types` (
  `id` int(11) NOT NULL,
  `label` varchar(255) DEFAULT NULL,
  `amount` int(11) DEFAULT NULL,
  `category` int(11) DEFAULT NULL
) ENGINE=InnoDB DEFAULT CHARSET=latin1;

--
-- Dumping data for table `fine_types`
--

INSERT INTO `fine_types` (`id`, `label`, `amount`, `category`) VALUES
(1, 'Misuse of a horn', 30, 0),
(2, 'Illegally Crossing a continuous Line', 40, 0),
(3, 'Driving on the wrong side of the road', 250, 0),
(4, 'Illegal U-Turn', 250, 0),
(5, 'Illegally Driving Off-road', 170, 0),
(6, 'Refusing a Lawful Command', 30, 0),
(7, 'Illegally Stopping a Vehicle', 150, 0),
(8, 'Illegal Parking', 70, 0),
(9, 'Failing to Yield to the right', 70, 0),
(10, 'Failure to comply with Vehicle Information', 90, 0),
(11, 'Failing to stop at a Stop Sign ', 105, 0),
(12, 'Failing to stop at a Red Light', 130, 0),
(13, 'Illegal Passing', 100, 0),
(14, 'Driving an illegal Vehicle', 100, 0),
(15, 'Driving without a License', 1500, 0),
(16, 'Hit and Run', 800, 0),
(17, 'Exceeding Speeds Over < 5 mph', 90, 0),
(18, 'Exceeding Speeds Over 5-15 mph', 120, 0),
(19, 'Exceeding Speeds Over 15-30 mph', 180, 0),
(20, 'Exceeding Speeds Over > 30 mph', 300, 0),
(21, 'Impeding traffic flow', 110, 1),
(22, 'Public Intoxication', 90, 1),
(23, 'Disorderly conduct', 90, 1),
(24, 'Obstruction of Justice', 130, 1),
(25, 'Insults towards Civilans', 75, 1),
(26, 'Disrespecting of an LEO', 110, 1),
(27, 'Verbal Threat towards a Civilan', 90, 1),
(28, 'Verbal Threat towards an LEO', 150, 1),
(29, 'Providing False Information', 250, 1),
(30, 'Attempt of Corruption', 1500, 1),
(31, 'Brandishing a weapon in city Limits', 120, 2),
(32, 'Brandishing a Lethal Weapon in city Limits', 300, 2),
(33, 'No Firearms License', 600, 2),
(34, 'Possession of an Illegal Weapon', 700, 2),
(35, 'Possession of Burglary Tools', 300, 2),
(36, 'Grand Theft Auto', 1800, 2),
(37, 'Intent to Sell/Distrube of an illegal Substance', 1500, 2),
(38, 'Frabrication of an Illegal Substance', 1500, 2),
(39, 'Possession of an Illegal Substance ', 650, 2),
(40, 'Kidnapping of a Civilan', 1500, 2),
(41, 'Kidnapping of an LEO', 2000, 2),
(42, 'Robbery', 650, 2),
(43, 'Armed Robbery of a Store', 650, 2),
(44, 'Armed Robbery of a Bank', 1500, 2),
(45, 'Assault on a Civilian', 2000, 3),
(46, 'Assault of an LEO', 2500, 3),
(47, 'Attempt of Murder of a Civilian', 3000, 3),
(48, 'Attempt of Murder of an LEO', 5000, 3),
(49, 'Murder of a Civilian', 10000, 3),
(50, 'Murder of an LEO', 30000, 3),
(51, 'Involuntary manslaughter', 1800, 3),
(52, 'Fraud', 2000, 2);

-- --------------------------------------------------------

--
-- Table structure for table `items`
--

CREATE TABLE `items` (
  `name` varchar(50) NOT NULL,
  `label` varchar(50) NOT NULL,
  `limit` int(11) NOT NULL DEFAULT '-1',
  `rare` int(11) NOT NULL DEFAULT '0',
  `can_remove` int(11) NOT NULL DEFAULT '1'
) ENGINE=InnoDB DEFAULT CHARSET=latin1;

--
-- Dumping data for table `items`
--

INSERT INTO `items` (`name`, `label`, `limit`, `rare`, `can_remove`) VALUES
('alive_chicken', 'living chicken', 20, 0, 1),
('bandage', 'Bandage', 20, 0, 1),
('blackberry', 'blackberry', -1, 0, 1),
('blowpipe', 'Blowtorch', 10, 0, 1),
('bread', 'Bread', 10, 0, 1),
('cannabis', 'Cannabis', 40, 0, 1),
('carokit', 'Body Kit', 3, 0, 1),
('carotool', 'Tools', 4, 0, 1),
('clip', 'Clip', -1, 0, 1),
('clothe', 'cloth', 40, 0, 1),
('coke', 'Coke', 100, 0, 1),
('coke_pooch', 'bag of coke', 100, 0, 1),
('copper', 'copper', 56, 0, 1),
('cutted_wood', 'cut wood', 20, 0, 1),
('diamond', 'diamond', 50, 0, 1),
('essence', 'gas', 24, 0, 1),
('fabric', 'fabric', 80, 0, 1),
('fish', 'fish', 100, 0, 1),
('fixkit', 'Repair Kit', 5, 0, 1),
('fixtool', 'Repair Tools', 6, 0, 1),
('gazbottle', 'Gas Bottle', 11, 0, 1),
('gold', 'gold', 21, 0, 1),
('iron', 'iron', 42, 0, 1),
('jewels', 'Jewels', -1, 0, 1),
('marijuana', 'Marijuana', 14, 0, 1),
('medikit', 'Medikit', 5, 0, 1),
('meth', 'Meth', 100, 0, 1),
('meth_pooch', 'bag of meth', 100, 0, 1),
('moonshine', 'Straight Moonshine', 100, 0, 1),
('moonshine_pooch', 'Bottled Moonshine', 100, 0, 1),
('opium', 'Opium', 100, 0, 1),
('opium_pooch', 'bag of opium', 100, 0, 1),
('packaged_chicken', 'chicken fillet', 100, 0, 1),
('packaged_plank', 'packaged wood', 100, 0, 1),
('petrol', 'oil', 24, 0, 1),
('petrol_raffin', 'processed oil', 24, 0, 1),
('slaughtered_chicken', 'slaughtered chicken', 20, 0, 1),
('stone', 'stone', 7, 0, 1),
('washed_stone', 'washed stone', 7, 0, 1),
('water', 'Water', 5, 0, 1),
('weed', 'Weed', 100, 0, 1),
('weed_pooch', 'bag of weed', 100, 0, 1),
('wood', 'wood', 20, 0, 1),
('wool', 'wool', 40, 0, 1),
('xanax', 'Xanax', -1, 0, 1);

-- --------------------------------------------------------

--
-- Table structure for table `jail`
--

CREATE TABLE `jail` (
  `identifier` varchar(100) NOT NULL,
  `jail_time` int(10) NOT NULL
) ENGINE=InnoDB DEFAULT CHARSET=latin1;

-- --------------------------------------------------------

--
-- Table structure for table `jobs`
--

CREATE TABLE `jobs` (
  `name` varchar(50) NOT NULL,
  `label` varchar(50) DEFAULT NULL,
  `whitelisted` tinyint(1) NOT NULL DEFAULT '0'
) ENGINE=InnoDB DEFAULT CHARSET=latin1;

--
-- Dumping data for table `jobs`
--

INSERT INTO `jobs` (`name`, `label`, `whitelisted`) VALUES
('ambulance', 'EMS', 0),
('cardealer', 'Cardealer', 0),
('fisherman', 'Fisherman', 0),
('fueler', 'Fueler', 0),
('lumberjack', 'Lumberjack', 0),
('mechanic', 'Mechanic', 0),
('miner', 'Miner', 0),
('police', 'Police', 1),
('reporter', 'Reporter', 0),
('slaughterer', 'Butcher', 0),
('tailor', 'Tailor', 0),
('taxi', 'Taxi', 0),
('unemployed', NULL, 0);

-- --------------------------------------------------------

--
-- Table structure for table `job_grades`
--

CREATE TABLE `job_grades` (
  `id` int(11) NOT NULL,
  `job_name` varchar(50) DEFAULT NULL,
  `grade` int(11) NOT NULL,
  `name` varchar(50) NOT NULL,
  `label` varchar(50) NOT NULL,
  `salary` int(11) NOT NULL,
  `skin_male` longtext NOT NULL,
  `skin_female` longtext NOT NULL
) ENGINE=InnoDB DEFAULT CHARSET=latin1;

--
-- Dumping data for table `job_grades`
--

INSERT INTO `job_grades` (`id`, `job_name`, `grade`, `name`, `label`, `salary`, `skin_male`, `skin_female`) VALUES
(1, 'unemployed', 0, 'unemployed', 'Unemployed', 70, '{}', '{}'),
(2, 'police', 0, 'recruit', 'Recruit', 75, '{}', '{}'),
(3, 'police', 1, 'officer', 'Officer', 100, '{}', '{}'),
(4, 'police', 2, 'sergeant', 'Sergeant', 150, '{}', '{}'),
(5, 'police', 3, 'lieutenant', 'Lieutenant', 225, '{}', '{}'),
(6, 'police', 4, 'boss', 'Chief', 325, '{}', '{}'),
(7, 'cardealer', 0, 'recruit', 'Recruit', 10, '{}', '{}'),
(8, 'cardealer', 1, 'novice', 'Novice', 25, '{}', '{}'),
(9, 'cardealer', 2, 'experienced', 'Experienced', 40, '{}', '{}'),
(10, 'cardealer', 3, 'boss', 'Boss', 0, '{}', '{}'),
(11, 'lumberjack', 0, 'employee', 'Employee', 0, '{}', '{}'),
(12, 'fisherman', 0, 'employee', 'Employee', 0, '{}', '{}'),
(13, 'fueler', 0, 'employee', 'Employee', 0, '{}', '{}'),
(14, 'reporter', 0, 'employee', 'Employee', 0, '{}', '{}'),
(15, 'tailor', 0, 'employee', 'Employee', 0, '{\"mask_1\":0,\"arms\":1,\"glasses_1\":0,\"hair_color_2\":4,\"makeup_1\":0,\"face\":19,\"glasses\":0,\"mask_2\":0,\"makeup_3\":0,\"skin\":29,\"helmet_2\":0,\"lipstick_4\":0,\"sex\":0,\"torso_1\":24,\"makeup_2\":0,\"bags_2\":0,\"chain_2\":0,\"ears_1\":-1,\"bags_1\":0,\"bproof_1\":0,\"shoes_2\":0,\"lipstick_2\":0,\"chain_1\":0,\"tshirt_1\":0,\"eyebrows_3\":0,\"pants_2\":0,\"beard_4\":0,\"torso_2\":0,\"beard_2\":6,\"ears_2\":0,\"hair_2\":0,\"shoes_1\":36,\"tshirt_2\":0,\"beard_3\":0,\"hair_1\":2,\"hair_color_1\":0,\"pants_1\":48,\"helmet_1\":-1,\"bproof_2\":0,\"eyebrows_4\":0,\"eyebrows_2\":0,\"decals_1\":0,\"age_2\":0,\"beard_1\":5,\"shoes\":10,\"lipstick_1\":0,\"eyebrows_1\":0,\"glasses_2\":0,\"makeup_4\":0,\"decals_2\":0,\"lipstick_3\":0,\"age_1\":0}', '{\"mask_1\":0,\"arms\":5,\"glasses_1\":5,\"hair_color_2\":4,\"makeup_1\":0,\"face\":19,\"glasses\":0,\"mask_2\":0,\"makeup_3\":0,\"skin\":29,\"helmet_2\":0,\"lipstick_4\":0,\"sex\":1,\"torso_1\":52,\"makeup_2\":0,\"bags_2\":0,\"chain_2\":0,\"ears_1\":-1,\"bags_1\":0,\"bproof_1\":0,\"shoes_2\":1,\"lipstick_2\":0,\"chain_1\":0,\"tshirt_1\":23,\"eyebrows_3\":0,\"pants_2\":0,\"beard_4\":0,\"torso_2\":0,\"beard_2\":6,\"ears_2\":0,\"hair_2\":0,\"shoes_1\":42,\"tshirt_2\":4,\"beard_3\":0,\"hair_1\":2,\"hair_color_1\":0,\"pants_1\":36,\"helmet_1\":-1,\"bproof_2\":0,\"eyebrows_4\":0,\"eyebrows_2\":0,\"decals_1\":0,\"age_2\":0,\"beard_1\":5,\"shoes\":10,\"lipstick_1\":0,\"eyebrows_1\":0,\"glasses_2\":0,\"makeup_4\":0,\"decals_2\":0,\"lipstick_3\":0,\"age_1\":0}'),
(16, 'miner', 0, 'employee', 'Employee', 0, '{\"tshirt_2\":1,\"ears_1\":8,\"glasses_1\":15,\"torso_2\":0,\"ears_2\":2,\"glasses_2\":3,\"shoes_2\":1,\"pants_1\":75,\"shoes_1\":51,\"bags_1\":0,\"helmet_2\":0,\"pants_2\":7,\"torso_1\":71,\"tshirt_1\":59,\"arms\":2,\"bags_2\":0,\"helmet_1\":0}', '{}'),
(17, 'slaughterer', 0, 'employee', 'Employee', 0, '{\"age_1\":0,\"glasses_2\":0,\"beard_1\":5,\"decals_2\":0,\"beard_4\":0,\"shoes_2\":0,\"tshirt_2\":0,\"lipstick_2\":0,\"hair_2\":0,\"arms\":67,\"pants_1\":36,\"skin\":29,\"eyebrows_2\":0,\"shoes\":10,\"helmet_1\":-1,\"lipstick_1\":0,\"helmet_2\":0,\"hair_color_1\":0,\"glasses\":0,\"makeup_4\":0,\"makeup_1\":0,\"hair_1\":2,\"bproof_1\":0,\"bags_1\":0,\"mask_1\":0,\"lipstick_3\":0,\"chain_1\":0,\"eyebrows_4\":0,\"sex\":0,\"torso_1\":56,\"beard_2\":6,\"shoes_1\":12,\"decals_1\":0,\"face\":19,\"lipstick_4\":0,\"tshirt_1\":15,\"mask_2\":0,\"age_2\":0,\"eyebrows_3\":0,\"chain_2\":0,\"glasses_1\":0,\"ears_1\":-1,\"bags_2\":0,\"ears_2\":0,\"torso_2\":0,\"bproof_2\":0,\"makeup_2\":0,\"eyebrows_1\":0,\"makeup_3\":0,\"pants_2\":0,\"beard_3\":0,\"hair_color_2\":4}', '{\"age_1\":0,\"glasses_2\":0,\"beard_1\":5,\"decals_2\":0,\"beard_4\":0,\"shoes_2\":0,\"tshirt_2\":0,\"lipstick_2\":0,\"hair_2\":0,\"arms\":72,\"pants_1\":45,\"skin\":29,\"eyebrows_2\":0,\"shoes\":10,\"helmet_1\":-1,\"lipstick_1\":0,\"helmet_2\":0,\"hair_color_1\":0,\"glasses\":0,\"makeup_4\":0,\"makeup_1\":0,\"hair_1\":2,\"bproof_1\":0,\"bags_1\":0,\"mask_1\":0,\"lipstick_3\":0,\"chain_1\":0,\"eyebrows_4\":0,\"sex\":1,\"torso_1\":49,\"beard_2\":6,\"shoes_1\":24,\"decals_1\":0,\"face\":19,\"lipstick_4\":0,\"tshirt_1\":9,\"mask_2\":0,\"age_2\":0,\"eyebrows_3\":0,\"chain_2\":0,\"glasses_1\":5,\"ears_1\":-1,\"bags_2\":0,\"ears_2\":0,\"torso_2\":0,\"bproof_2\":0,\"makeup_2\":0,\"eyebrows_1\":0,\"makeup_3\":0,\"pants_2\":0,\"beard_3\":0,\"hair_color_2\":4}'),
(18, 'mechanic', 0, 'recrue', 'Recruit', 12, '{}', '{}'),
(19, 'mechanic', 1, 'novice', 'Novice', 24, '{}', '{}'),
(20, 'mechanic', 2, 'experimente', 'Experienced', 36, '{}', '{}'),
(21, 'mechanic', 3, 'chief', 'Leader', 48, '{}', '{}'),
(22, 'mechanic', 4, 'boss', 'Boss', 0, '{}', '{}'),
(23, 'taxi', 0, 'recrue', 'Recruit', 12, '{\"hair_2\":0,\"hair_color_2\":0,\"torso_1\":32,\"bags_1\":0,\"helmet_2\":0,\"chain_2\":0,\"eyebrows_3\":0,\"makeup_3\":0,\"makeup_2\":0,\"tshirt_1\":31,\"makeup_1\":0,\"bags_2\":0,\"makeup_4\":0,\"eyebrows_4\":0,\"chain_1\":0,\"lipstick_4\":0,\"bproof_2\":0,\"hair_color_1\":0,\"decals_2\":0,\"pants_2\":0,\"age_2\":0,\"glasses_2\":0,\"ears_2\":0,\"arms\":27,\"lipstick_1\":0,\"ears_1\":-1,\"mask_2\":0,\"sex\":0,\"lipstick_3\":0,\"helmet_1\":-1,\"shoes_2\":0,\"beard_2\":0,\"beard_1\":0,\"lipstick_2\":0,\"beard_4\":0,\"glasses_1\":0,\"bproof_1\":0,\"mask_1\":0,\"decals_1\":1,\"hair_1\":0,\"eyebrows_2\":0,\"beard_3\":0,\"age_1\":0,\"tshirt_2\":0,\"skin\":0,\"torso_2\":0,\"eyebrows_1\":0,\"face\":0,\"shoes_1\":10,\"pants_1\":24}', '{\"hair_2\":0,\"hair_color_2\":0,\"torso_1\":57,\"bags_1\":0,\"helmet_2\":0,\"chain_2\":0,\"eyebrows_3\":0,\"makeup_3\":0,\"makeup_2\":0,\"tshirt_1\":38,\"makeup_1\":0,\"bags_2\":0,\"makeup_4\":0,\"eyebrows_4\":0,\"chain_1\":0,\"lipstick_4\":0,\"bproof_2\":0,\"hair_color_1\":0,\"decals_2\":0,\"pants_2\":1,\"age_2\":0,\"glasses_2\":0,\"ears_2\":0,\"arms\":21,\"lipstick_1\":0,\"ears_1\":-1,\"mask_2\":0,\"sex\":1,\"lipstick_3\":0,\"helmet_1\":-1,\"shoes_2\":0,\"beard_2\":0,\"beard_1\":0,\"lipstick_2\":0,\"beard_4\":0,\"glasses_1\":5,\"bproof_1\":0,\"mask_1\":0,\"decals_1\":1,\"hair_1\":0,\"eyebrows_2\":0,\"beard_3\":0,\"age_1\":0,\"tshirt_2\":0,\"skin\":0,\"torso_2\":0,\"eyebrows_1\":0,\"face\":0,\"shoes_1\":49,\"pants_1\":11}'),
(24, 'taxi', 1, 'novice', 'Cabby', 24, '{\"hair_2\":0,\"hair_color_2\":0,\"torso_1\":32,\"bags_1\":0,\"helmet_2\":0,\"chain_2\":0,\"eyebrows_3\":0,\"makeup_3\":0,\"makeup_2\":0,\"tshirt_1\":31,\"makeup_1\":0,\"bags_2\":0,\"makeup_4\":0,\"eyebrows_4\":0,\"chain_1\":0,\"lipstick_4\":0,\"bproof_2\":0,\"hair_color_1\":0,\"decals_2\":0,\"pants_2\":0,\"age_2\":0,\"glasses_2\":0,\"ears_2\":0,\"arms\":27,\"lipstick_1\":0,\"ears_1\":-1,\"mask_2\":0,\"sex\":0,\"lipstick_3\":0,\"helmet_1\":-1,\"shoes_2\":0,\"beard_2\":0,\"beard_1\":0,\"lipstick_2\":0,\"beard_4\":0,\"glasses_1\":0,\"bproof_1\":0,\"mask_1\":0,\"decals_1\":1,\"hair_1\":0,\"eyebrows_2\":0,\"beard_3\":0,\"age_1\":0,\"tshirt_2\":0,\"skin\":0,\"torso_2\":0,\"eyebrows_1\":0,\"face\":0,\"shoes_1\":10,\"pants_1\":24}', '{\"hair_2\":0,\"hair_color_2\":0,\"torso_1\":57,\"bags_1\":0,\"helmet_2\":0,\"chain_2\":0,\"eyebrows_3\":0,\"makeup_3\":0,\"makeup_2\":0,\"tshirt_1\":38,\"makeup_1\":0,\"bags_2\":0,\"makeup_4\":0,\"eyebrows_4\":0,\"chain_1\":0,\"lipstick_4\":0,\"bproof_2\":0,\"hair_color_1\":0,\"decals_2\":0,\"pants_2\":1,\"age_2\":0,\"glasses_2\":0,\"ears_2\":0,\"arms\":21,\"lipstick_1\":0,\"ears_1\":-1,\"mask_2\":0,\"sex\":1,\"lipstick_3\":0,\"helmet_1\":-1,\"shoes_2\":0,\"beard_2\":0,\"beard_1\":0,\"lipstick_2\":0,\"beard_4\":0,\"glasses_1\":5,\"bproof_1\":0,\"mask_1\":0,\"decals_1\":1,\"hair_1\":0,\"eyebrows_2\":0,\"beard_3\":0,\"age_1\":0,\"tshirt_2\":0,\"skin\":0,\"torso_2\":0,\"eyebrows_1\":0,\"face\":0,\"shoes_1\":49,\"pants_1\":11}'),
(25, 'taxi', 2, 'experimente', 'Experienced', 36, '{\"hair_2\":0,\"hair_color_2\":0,\"torso_1\":26,\"bags_1\":0,\"helmet_2\":0,\"chain_2\":0,\"eyebrows_3\":0,\"makeup_3\":0,\"makeup_2\":0,\"tshirt_1\":57,\"makeup_1\":0,\"bags_2\":0,\"makeup_4\":0,\"eyebrows_4\":0,\"chain_1\":0,\"lipstick_4\":0,\"bproof_2\":0,\"hair_color_1\":0,\"decals_2\":0,\"pants_2\":4,\"age_2\":0,\"glasses_2\":0,\"ears_2\":0,\"arms\":11,\"lipstick_1\":0,\"ears_1\":-1,\"mask_2\":0,\"sex\":0,\"lipstick_3\":0,\"helmet_1\":-1,\"shoes_2\":0,\"beard_2\":0,\"beard_1\":0,\"lipstick_2\":0,\"beard_4\":0,\"glasses_1\":0,\"bproof_1\":0,\"mask_1\":0,\"decals_1\":0,\"hair_1\":0,\"eyebrows_2\":0,\"beard_3\":0,\"age_1\":0,\"tshirt_2\":0,\"skin\":0,\"torso_2\":0,\"eyebrows_1\":0,\"face\":0,\"shoes_1\":10,\"pants_1\":24}', '{\"hair_2\":0,\"hair_color_2\":0,\"torso_1\":57,\"bags_1\":0,\"helmet_2\":0,\"chain_2\":0,\"eyebrows_3\":0,\"makeup_3\":0,\"makeup_2\":0,\"tshirt_1\":38,\"makeup_1\":0,\"bags_2\":0,\"makeup_4\":0,\"eyebrows_4\":0,\"chain_1\":0,\"lipstick_4\":0,\"bproof_2\":0,\"hair_color_1\":0,\"decals_2\":0,\"pants_2\":1,\"age_2\":0,\"glasses_2\":0,\"ears_2\":0,\"arms\":21,\"lipstick_1\":0,\"ears_1\":-1,\"mask_2\":0,\"sex\":1,\"lipstick_3\":0,\"helmet_1\":-1,\"shoes_2\":0,\"beard_2\":0,\"beard_1\":0,\"lipstick_2\":0,\"beard_4\":0,\"glasses_1\":5,\"bproof_1\":0,\"mask_1\":0,\"decals_1\":1,\"hair_1\":0,\"eyebrows_2\":0,\"beard_3\":0,\"age_1\":0,\"tshirt_2\":0,\"skin\":0,\"torso_2\":0,\"eyebrows_1\":0,\"face\":0,\"shoes_1\":49,\"pants_1\":11}'),
(26, 'taxi', 3, 'uber', 'Uber Cabby', 48, '{\"hair_2\":0,\"hair_color_2\":0,\"torso_1\":26,\"bags_1\":0,\"helmet_2\":0,\"chain_2\":0,\"eyebrows_3\":0,\"makeup_3\":0,\"makeup_2\":0,\"tshirt_1\":57,\"makeup_1\":0,\"bags_2\":0,\"makeup_4\":0,\"eyebrows_4\":0,\"chain_1\":0,\"lipstick_4\":0,\"bproof_2\":0,\"hair_color_1\":0,\"decals_2\":0,\"pants_2\":4,\"age_2\":0,\"glasses_2\":0,\"ears_2\":0,\"arms\":11,\"lipstick_1\":0,\"ears_1\":-1,\"mask_2\":0,\"sex\":0,\"lipstick_3\":0,\"helmet_1\":-1,\"shoes_2\":0,\"beard_2\":0,\"beard_1\":0,\"lipstick_2\":0,\"beard_4\":0,\"glasses_1\":0,\"bproof_1\":0,\"mask_1\":0,\"decals_1\":0,\"hair_1\":0,\"eyebrows_2\":0,\"beard_3\":0,\"age_1\":0,\"tshirt_2\":0,\"skin\":0,\"torso_2\":0,\"eyebrows_1\":0,\"face\":0,\"shoes_1\":10,\"pants_1\":24}', '{\"hair_2\":0,\"hair_color_2\":0,\"torso_1\":57,\"bags_1\":0,\"helmet_2\":0,\"chain_2\":0,\"eyebrows_3\":0,\"makeup_3\":0,\"makeup_2\":0,\"tshirt_1\":38,\"makeup_1\":0,\"bags_2\":0,\"makeup_4\":0,\"eyebrows_4\":0,\"chain_1\":0,\"lipstick_4\":0,\"bproof_2\":0,\"hair_color_1\":0,\"decals_2\":0,\"pants_2\":1,\"age_2\":0,\"glasses_2\":0,\"ears_2\":0,\"arms\":21,\"lipstick_1\":0,\"ears_1\":-1,\"mask_2\":0,\"sex\":1,\"lipstick_3\":0,\"helmet_1\":-1,\"shoes_2\":0,\"beard_2\":0,\"beard_1\":0,\"lipstick_2\":0,\"beard_4\":0,\"glasses_1\":5,\"bproof_1\":0,\"mask_1\":0,\"decals_1\":1,\"hair_1\":0,\"eyebrows_2\":0,\"beard_3\":0,\"age_1\":0,\"tshirt_2\":0,\"skin\":0,\"torso_2\":0,\"eyebrows_1\":0,\"face\":0,\"shoes_1\":49,\"pants_1\":11}'),
(27, 'taxi', 4, 'boss', 'Lead Cabby', 0, '{\"hair_2\":0,\"hair_color_2\":0,\"torso_1\":29,\"bags_1\":0,\"helmet_2\":0,\"chain_2\":0,\"eyebrows_3\":0,\"makeup_3\":0,\"makeup_2\":0,\"tshirt_1\":31,\"makeup_1\":0,\"bags_2\":0,\"makeup_4\":0,\"eyebrows_4\":0,\"chain_1\":0,\"lipstick_4\":0,\"bproof_2\":0,\"hair_color_1\":0,\"decals_2\":0,\"pants_2\":4,\"age_2\":0,\"glasses_2\":0,\"ears_2\":0,\"arms\":1,\"lipstick_1\":0,\"ears_1\":-1,\"mask_2\":0,\"sex\":0,\"lipstick_3\":0,\"helmet_1\":-1,\"shoes_2\":0,\"beard_2\":0,\"beard_1\":0,\"lipstick_2\":0,\"beard_4\":0,\"glasses_1\":0,\"bproof_1\":0,\"mask_1\":0,\"decals_1\":0,\"hair_1\":0,\"eyebrows_2\":0,\"beard_3\":0,\"age_1\":0,\"tshirt_2\":0,\"skin\":0,\"torso_2\":4,\"eyebrows_1\":0,\"face\":0,\"shoes_1\":10,\"pants_1\":24}', '{\"hair_2\":0,\"hair_color_2\":0,\"torso_1\":57,\"bags_1\":0,\"helmet_2\":0,\"chain_2\":0,\"eyebrows_3\":0,\"makeup_3\":0,\"makeup_2\":0,\"tshirt_1\":38,\"makeup_1\":0,\"bags_2\":0,\"makeup_4\":0,\"eyebrows_4\":0,\"chain_1\":0,\"lipstick_4\":0,\"bproof_2\":0,\"hair_color_1\":0,\"decals_2\":0,\"pants_2\":1,\"age_2\":0,\"glasses_2\":0,\"ears_2\":0,\"arms\":21,\"lipstick_1\":0,\"ears_1\":-1,\"mask_2\":0,\"sex\":1,\"lipstick_3\":0,\"helmet_1\":-1,\"shoes_2\":0,\"beard_2\":0,\"beard_1\":0,\"lipstick_2\":0,\"beard_4\":0,\"glasses_1\":5,\"bproof_1\":0,\"mask_1\":0,\"decals_1\":1,\"hair_1\":0,\"eyebrows_2\":0,\"beard_3\":0,\"age_1\":0,\"tshirt_2\":0,\"skin\":0,\"torso_2\":0,\"eyebrows_1\":0,\"face\":0,\"shoes_1\":49,\"pants_1\":11}'),
(28, 'ambulance', 0, 'ambulance', 'Jr. EMT', 75, '{\"tshirt_2\":0,\"hair_color_1\":5,\"glasses_2\":3,\"shoes\":9,\"torso_2\":3,\"hair_color_2\":0,\"pants_1\":24,\"glasses_1\":4,\"hair_1\":2,\"sex\":0,\"decals_2\":0,\"tshirt_1\":15,\"helmet_1\":8,\"helmet_2\":0,\"arms\":92,\"face\":19,\"decals_1\":60,\"torso_1\":13,\"hair_2\":0,\"skin\":34,\"pants_2\":5}', '{\"tshirt_2\":3,\"decals_2\":0,\"glasses\":0,\"hair_1\":2,\"torso_1\":73,\"shoes\":1,\"hair_color_2\":0,\"glasses_1\":19,\"skin\":13,\"face\":6,\"pants_2\":5,\"tshirt_1\":75,\"pants_1\":37,\"helmet_1\":57,\"torso_2\":0,\"arms\":14,\"sex\":1,\"glasses_2\":0,\"decals_1\":0,\"hair_2\":0,\"helmet_2\":0,\"hair_color_1\":0}'),
(29, 'ambulance', 1, 'doctor', 'EMT', 90, '{\"tshirt_2\":0,\"hair_color_1\":5,\"glasses_2\":3,\"shoes\":9,\"torso_2\":3,\"hair_color_2\":0,\"pants_1\":24,\"glasses_1\":4,\"hair_1\":2,\"sex\":0,\"decals_2\":0,\"tshirt_1\":15,\"helmet_1\":8,\"helmet_2\":0,\"arms\":92,\"face\":19,\"decals_1\":60,\"torso_1\":13,\"hair_2\":0,\"skin\":34,\"pants_2\":5}', '{\"tshirt_2\":3,\"decals_2\":0,\"glasses\":0,\"hair_1\":2,\"torso_1\":73,\"shoes\":1,\"hair_color_2\":0,\"glasses_1\":19,\"skin\":13,\"face\":6,\"pants_2\":5,\"tshirt_1\":75,\"pants_1\":37,\"helmet_1\":57,\"torso_2\":0,\"arms\":14,\"sex\":1,\"glasses_2\":0,\"decals_1\":0,\"hair_2\":0,\"helmet_2\":0,\"hair_color_1\":0}'),
(30, 'ambulance', 2, 'chief_doctor', 'EMT Supervisor', 135, '{\"tshirt_2\":0,\"hair_color_1\":5,\"glasses_2\":3,\"shoes\":9,\"torso_2\":3,\"hair_color_2\":0,\"pants_1\":24,\"glasses_1\":4,\"hair_1\":2,\"sex\":0,\"decals_2\":0,\"tshirt_1\":15,\"helmet_1\":8,\"helmet_2\":0,\"arms\":92,\"face\":19,\"decals_1\":60,\"torso_1\":13,\"hair_2\":0,\"skin\":34,\"pants_2\":5}', '{\"tshirt_2\":3,\"decals_2\":0,\"glasses\":0,\"hair_1\":2,\"torso_1\":73,\"shoes\":1,\"hair_color_2\":0,\"glasses_1\":19,\"skin\":13,\"face\":6,\"pants_2\":5,\"tshirt_1\":75,\"pants_1\":37,\"helmet_1\":57,\"torso_2\":0,\"arms\":14,\"sex\":1,\"glasses_2\":0,\"decals_1\":0,\"hair_2\":0,\"helmet_2\":0,\"hair_color_1\":0}'),
(31, 'ambulance', 3, 'boss', 'EMT Chief', 170, '{\"tshirt_2\":0,\"hair_color_1\":5,\"glasses_2\":3,\"shoes\":9,\"torso_2\":3,\"hair_color_2\":0,\"pants_1\":24,\"glasses_1\":4,\"hair_1\":2,\"sex\":0,\"decals_2\":0,\"tshirt_1\":15,\"helmet_1\":8,\"helmet_2\":0,\"arms\":92,\"face\":19,\"decals_1\":60,\"torso_1\":13,\"hair_2\":0,\"skin\":34,\"pants_2\":5}', '{\"tshirt_2\":3,\"decals_2\":0,\"glasses\":0,\"hair_1\":2,\"torso_1\":73,\"shoes\":1,\"hair_color_2\":0,\"glasses_1\":19,\"skin\":13,\"face\":6,\"pants_2\":5,\"tshirt_1\":75,\"pants_1\":37,\"helmet_1\":57,\"torso_2\":0,\"arms\":14,\"sex\":1,\"glasses_2\":0,\"decals_1\":0,\"hair_2\":0,\"helmet_2\":0,\"hair_color_1\":0}');

-- --------------------------------------------------------

--
-- Table structure for table `licenses`
--

CREATE TABLE `licenses` (
  `type` varchar(60) NOT NULL,
  `label` varchar(60) NOT NULL
) ENGINE=InnoDB DEFAULT CHARSET=latin1;

--
-- Dumping data for table `licenses`
--

INSERT INTO `licenses` (`type`, `label`) VALUES
('dmv', 'Driving Permit'),
('drive', 'Drivers License'),
('drive_bike', 'Motorcycle License'),
('drive_truck', 'Commercial Drivers License'),
('weapon', 'License to carry a Weapon'),
('weed_processing', 'Weed Processing License');

-- --------------------------------------------------------

--
-- Table structure for table `owned_properties`
--

CREATE TABLE `owned_properties` (
  `id` int(11) NOT NULL,
  `name` varchar(255) NOT NULL,
  `price` double NOT NULL,
  `rented` int(11) NOT NULL,
  `owner` varchar(60) NOT NULL
) ENGINE=InnoDB DEFAULT CHARSET=latin1;

--
-- Dumping data for table `owned_properties`
--

INSERT INTO `owned_properties` (`id`, `name`, `price`, `rented`, `owner`) VALUES
(3, 'LowEndApartment', 562500, 0, 'Char1:110000101917bfc'),
(4, 'LowEndApartment', 562500, 0, 'steam:110000100a8294c'),
(5, 'LowEndApartment', 2813, 1, 'steam:110000101917bfc');

-- --------------------------------------------------------

--
-- Table structure for table `owned_vehicles`
--

CREATE TABLE `owned_vehicles` (
  `id` int(11) NOT NULL,
  `owner` varchar(22) NOT NULL,
  `state` tinyint(1) NOT NULL DEFAULT '0' COMMENT 'State of the Car',
  `plate` varchar(12) NOT NULL,
  `vehicle` longtext,
  `type` varchar(20) NOT NULL DEFAULT 'car',
  `job` varchar(20) DEFAULT NULL,
  `stored` tinyint(1) NOT NULL DEFAULT '0',
  `fourrieremecano` tinyint(1) NOT NULL DEFAULT '0',
  `vehiclename` varchar(50) NOT NULL DEFAULT 'voiture'
) ENGINE=InnoDB DEFAULT CHARSET=latin1 COMMENT='ALTER TABLE `owned_vehicles` ADD `state` BOOLEAN NOT NULL DEFAULT FALSE COMMENT ''State of the Car'' AFTER `owner`;';

--
-- Dumping data for table `owned_vehicles`
--

INSERT INTO `owned_vehicles` (`id`, `owner`, `state`, `plate`, `vehicle`, `type`, `job`, `stored`, `fourrieremecano`, `vehiclename`) VALUES
(9, 'steam:110000100a8294c', 1, 'FUC 1136', '{\"modAerials\":-1,\"neonEnabled\":[false,false,false,false],\"neonColor\":[255,0,255],\"modRoof\":-1,\"modAPlate\":-1,\"modSteeringWheel\":-1,\"modAirFilter\":-1,\"modSuspension\":-1,\"modSmokeEnabled\":false,\"modShifterLeavers\":-1,\"modSeats\":-1,\"modArmor\":-1,\"dirtLevel\":5.0,\"modDoorSpeaker\":-1,\"modHydrolic\":-1,\"modSpoilers\":-1,\"color1\":134,\"modTransmission\":-1,\"modEngineBlock\":-1,\"modGrille\":-1,\"modStruts\":-1,\"modTank\":-1,\"modSpeakers\":-1,\"modHorns\":-1,\"modTrunk\":-1,\"modHood\":-1,\"modFrontBumper\":-1,\"modOrnaments\":-1,\"modSideSkirt\":-1,\"tyreSmokeColor\":[255,255,255],\"windowTint\":-1,\"pearlescentColor\":112,\"modRightFender\":-1,\"modEngine\":-1,\"modTurbo\":false,\"modExhaust\":-1,\"health\":1000,\"extras\":{\"11\":true,\"2\":true,\"1\":true,\"10\":true,\"7\":true},\"plate\":\"FUC 1136\",\"modVanityPlate\":-1,\"modBackWheels\":-1,\"modRearBumper\":-1,\"modTrimA\":-1,\"modLivery\":0,\"color2\":0,\"modPlateHolder\":-1,\"modTrimB\":-1,\"modWindows\":-1,\"wheels\":0,\"modFrame\":-1,\"model\":353883353,\"modDial\":-1,\"modBrakes\":-1,\"modArchCover\":-1,\"plateIndex\":4,\"modDashboard\":-1,\"modXenon\":false,\"modFrontWheels\":-1,\"wheelColor\":156,\"modFender\":-1}', 'helicopter', 'police', 1, 0, 'voiture'),
(12, 'steam:110000108be35c6', 1, 'YJB 6740', '{\"modTrimA\":-1,\"modStruts\":-1,\"modRightFender\":-1,\"modDashboard\":-1,\"modArmor\":-1,\"dirtLevel\":1.226323723793,\"wheels\":0,\"tyreSmokeColor\":[255,255,255],\"modFender\":-1,\"modDial\":-1,\"modOrnaments\":-1,\"health\":1000,\"modAerials\":-1,\"windowTint\":-1,\"modShifterLeavers\":-1,\"modWindows\":-1,\"modFrontWheels\":-1,\"modBackWheels\":-1,\"modArchCover\":-1,\"modBrakes\":2,\"modHorns\":-1,\"modTrunk\":-1,\"pearlescentColor\":15,\"modHood\":-1,\"modSideSkirt\":-1,\"modPlateHolder\":-1,\"modExhaust\":-1,\"color2\":0,\"modAirFilter\":-1,\"modSpeakers\":-1,\"modLivery\":0,\"modSeats\":-1,\"modTurbo\":1,\"color1\":122,\"modAPlate\":-1,\"model\":-1627000575,\"modDoorSpeaker\":-1,\"modSuspension\":-1,\"modEngineBlock\":-1,\"modHydrolic\":-1,\"neonEnabled\":[false,false,false,false],\"modTank\":-1,\"wheelColor\":156,\"plateIndex\":1,\"extras\":{\"1\":false,\"11\":false},\"plate\":\"YJB 6740\",\"modTransmission\":2,\"modXenon\":false,\"modFrame\":-1,\"modSteeringWheel\":-1,\"modRearBumper\":-1,\"modTrimB\":-1,\"neonColor\":[255,0,255],\"modEngine\":3,\"modSpoilers\":-1,\"modVanityPlate\":-1,\"modSmokeEnabled\":1,\"modGrille\":-1,\"modFrontBumper\":-1,\"modRoof\":-1}', 'car', 'police', 0, 0, 'voiture'),
(13, 'steam:11000010a700f57', 1, 'XRU 3371', '{\"modFender\":-1,\"neonEnabled\":[false,false,false,false],\"modDashboard\":-1,\"modBrakes\":-1,\"modGrille\":-1,\"modAirFilter\":-1,\"neonColor\":[255,0,255],\"modRoof\":-1,\"modLivery\":-1,\"modVanityPlate\":-1,\"modDoorSpeaker\":-1,\"modSideSkirt\":-1,\"modBackWheels\":-1,\"modHood\":-1,\"modAerials\":-1,\"modRightFender\":-1,\"modRearBumper\":-1,\"modSmokeEnabled\":1,\"modTrimA\":-1,\"modEngineBlock\":-1,\"health\":998,\"tyreSmokeColor\":[255,255,255],\"pearlescentColor\":53,\"modFrame\":-1,\"model\":736902334,\"modExhaust\":-1,\"modXenon\":false,\"modArmor\":-1,\"color1\":51,\"color2\":51,\"modAPlate\":-1,\"modDial\":-1,\"dirtLevel\":11.797434806824,\"modEngine\":-1,\"modStruts\":-1,\"modSpoilers\":-1,\"modSuspension\":-1,\"modPlateHolder\":-1,\"modFrontWheels\":-1,\"modTrunk\":-1,\"modShifterLeavers\":-1,\"modHydrolic\":-1,\"plate\":\"XRU 3371\",\"modSeats\":-1,\"modWindows\":-1,\"wheels\":0,\"modTurbo\":false,\"modOrnaments\":-1,\"modSpeakers\":-1,\"modTransmission\":-1,\"modTrimB\":-1,\"modFrontBumper\":-1,\"extras\":{\"12\":false,\"11\":true},\"modTank\":-1,\"plateIndex\":0,\"windowTint\":-1,\"modSteeringWheel\":-1,\"wheelColor\":156,\"modArchCover\":-1,\"modHorns\":-1}', 'car', NULL, 0, 0, 'voiture'),
(14, 'steam:11000010670cfb3', 1, 'BOM 2366', '{\"modTurbo\":false,\"modFrontWheels\":-1,\"modHood\":-1,\"modPlateHolder\":-1,\"modRearBumper\":-1,\"modHydrolic\":-1,\"modBackWheels\":-1,\"modEngineBlock\":-1,\"neonColor\":[255,0,255],\"modSpoilers\":-1,\"modSteeringWheel\":-1,\"neonEnabled\":[false,false,false,false],\"modStruts\":-1,\"color1\":3,\"windowTint\":-1,\"modDoorSpeaker\":-1,\"modTransmission\":-1,\"modVanityPlate\":-1,\"modAPlate\":-1,\"modRoof\":-1,\"modBrakes\":-1,\"modRightFender\":-1,\"extras\":[],\"modTrimB\":-1,\"modSeats\":-1,\"model\":1373123368,\"modShifterLeavers\":-1,\"modDashboard\":-1,\"dirtLevel\":9.137149810791,\"modTank\":-1,\"modOrnaments\":-1,\"modSmokeEnabled\":false,\"modEngine\":-1,\"modFender\":-1,\"modSideSkirt\":-1,\"modHorns\":-1,\"modArmor\":-1,\"health\":999,\"wheels\":5,\"plate\":\"BOM 2366\",\"modLivery\":-1,\"modDial\":-1,\"plateIndex\":3,\"tyreSmokeColor\":[255,255,255],\"modArchCover\":-1,\"modFrame\":-1,\"modTrimA\":-1,\"pearlescentColor\":23,\"modAirFilter\":-1,\"modSuspension\":-1,\"modSpeakers\":-1,\"modWindows\":-1,\"modExhaust\":-1,\"modFrontBumper\":-1,\"modGrille\":-1,\"modAerials\":-1,\"wheelColor\":156,\"modTrunk\":-1,\"color2\":3,\"modXenon\":false}', 'car', NULL, 0, 0, 'voiture'),
(15, 'steam:11000010670cfb3', 1, 'BHU 3445', '{\"modBackWheels\":-1,\"modFrame\":-1,\"modBrakes\":-1,\"modExhaust\":-1,\"modHorns\":-1,\"modSmokeEnabled\":1,\"modTrunk\":-1,\"extras\":{\"1\":true},\"modTrimB\":-1,\"wheelColor\":156,\"modRearBumper\":-1,\"modHydrolic\":-1,\"modFender\":-1,\"modVanityPlate\":-1,\"modArmor\":-1,\"plate\":\"BHU 3445\",\"modFrontWheels\":-1,\"modDoorSpeaker\":-1,\"modAirFilter\":-1,\"modArchCover\":-1,\"modSpoilers\":-1,\"modSteeringWheel\":-1,\"modOrnaments\":-1,\"modShifterLeavers\":-1,\"modDial\":-1,\"health\":1000,\"modXenon\":false,\"modTransmission\":-1,\"modPlateHolder\":-1,\"plateIndex\":0,\"color2\":9,\"modAPlate\":-1,\"modSuspension\":-1,\"modSideSkirt\":-1,\"modRoof\":-1,\"neonColor\":[255,0,255],\"modEngine\":-1,\"modWindows\":-1,\"modGrille\":-1,\"windowTint\":-1,\"pearlescentColor\":67,\"neonEnabled\":[false,false,false,false],\"modSpeakers\":-1,\"dirtLevel\":15.0,\"color1\":64,\"model\":-1829802492,\"modTurbo\":false,\"modAerials\":-1,\"modDashboard\":-1,\"modStruts\":-1,\"modFrontBumper\":-1,\"modTrimA\":-1,\"modTank\":-1,\"modLivery\":-1,\"modEngineBlock\":-1,\"modSeats\":-1,\"modRightFender\":-1,\"modHood\":-1,\"tyreSmokeColor\":[255,255,255],\"wheels\":7}', 'car', NULL, 0, 0, 'voiture'),
(16, 'steam:110000100a8294c', 1, 'TKC 8276', '{\"modDoorSpeaker\":-1,\"plate\":\"TKC 8276\",\"modFrontWheels\":-1,\"plateIndex\":4,\"modTrunk\":-1,\"modSeats\":-1,\"modFrame\":-1,\"modSpoilers\":-1,\"modSmokeEnabled\":false,\"windowTint\":-1,\"dirtLevel\":3.0,\"modEngineBlock\":-1,\"modBrakes\":-1,\"modExhaust\":-1,\"modSuspension\":-1,\"modTurbo\":false,\"modTrimB\":-1,\"pearlescentColor\":156,\"modSteeringWheel\":-1,\"neonColor\":[255,0,255],\"modEngine\":-1,\"modAPlate\":-1,\"modShifterLeavers\":-1,\"modStruts\":-1,\"modSideSkirt\":-1,\"modXenon\":false,\"extras\":[],\"modGrille\":-1,\"modRearBumper\":-1,\"color1\":134,\"modDashboard\":-1,\"wheels\":6,\"modVanityPlate\":-1,\"color2\":134,\"modOrnaments\":-1,\"modRoof\":-1,\"modArchCover\":-1,\"modSpeakers\":-1,\"neonEnabled\":[false,false,false,false],\"health\":1000,\"modRightFender\":-1,\"modAerials\":-1,\"wheelColor\":156,\"tyreSmokeColor\":[255,255,255],\"modTank\":-1,\"modLivery\":-1,\"modArmor\":-1,\"modHorns\":-1,\"model\":-34623805,\"modTransmission\":-1,\"modHood\":-1,\"modBackWheels\":-1,\"modHydrolic\":-1,\"modPlateHolder\":-1,\"modAirFilter\":-1,\"modFrontBumper\":-1,\"modWindows\":-1,\"modFender\":-1,\"modDial\":-1,\"modTrimA\":-1}', 'car', 'police', 1, 0, 'voiture'),
(17, 'steam:110000100a8294c', 1, 'XNM 5929', '{\"modVanityPlate\":-1,\"modTrimA\":-1,\"modHorns\":-1,\"modArmor\":-1,\"modSuspension\":3,\"modSpoilers\":-1,\"modXenon\":1,\"modRearBumper\":-1,\"plateIndex\":0,\"modArchCover\":-1,\"modSteeringWheel\":-1,\"modRoof\":-1,\"neonColor\":[255,0,255],\"modEngineBlock\":-1,\"health\":1000,\"pearlescentColor\":1,\"modTransmission\":2,\"modFrontWheels\":-1,\"modDashboard\":-1,\"modTrimB\":-1,\"modPlateHolder\":-1,\"modSeats\":-1,\"color1\":17,\"modBrakes\":2,\"modAerials\":-1,\"modTank\":-1,\"modFender\":-1,\"wheelColor\":156,\"modSmokeEnabled\":1,\"wheels\":0,\"tyreSmokeColor\":[255,255,255],\"modDial\":-1,\"modHood\":-1,\"modTurbo\":1,\"color2\":13,\"modAirFilter\":-1,\"extras\":{\"6\":false,\"5\":false,\"3\":true},\"modExhaust\":1,\"modWindows\":-1,\"modFrontBumper\":-1,\"modGrille\":-1,\"windowTint\":3,\"modLivery\":-1,\"modFrame\":-1,\"neonEnabled\":[false,false,false,false],\"modHydrolic\":-1,\"modRightFender\":-1,\"plate\":\"XNM 5929\",\"modStruts\":-1,\"modOrnaments\":-1,\"modTrunk\":-1,\"modDoorSpeaker\":-1,\"dirtLevel\":0.14556682109833,\"modShifterLeavers\":-1,\"modBackWheels\":-1,\"modAPlate\":-1,\"modEngine\":3,\"modSpeakers\":-1,\"modSideSkirt\":-1,\"model\":-834607087}', 'car', 'police', 0, 0, 'voiture'),
(18, 'steam:11000010670cfb3', 1, 'NWP 2577', '{\"modOrnaments\":-1,\"modFender\":-1,\"modAerials\":-1,\"modTrimA\":-1,\"modHydrolic\":-1,\"modShifterLeavers\":-1,\"modFrontWheels\":-1,\"modFrame\":-1,\"modHood\":-1,\"neonColor\":[255,0,255],\"modTrimB\":-1,\"modVanityPlate\":-1,\"modSideSkirt\":-1,\"modEngineBlock\":-1,\"modPlateHolder\":-1,\"modGrille\":-1,\"modSteeringWheel\":-1,\"modSpeakers\":-1,\"windowTint\":-1,\"modTurbo\":false,\"modAPlate\":-1,\"modAirFilter\":-1,\"color1\":112,\"modRearBumper\":-1,\"pearlescentColor\":112,\"modDashboard\":-1,\"color2\":28,\"modXenon\":false,\"dirtLevel\":4.0,\"modSuspension\":-1,\"modHorns\":-1,\"model\":1171614426,\"modSpoilers\":-1,\"modRoof\":-1,\"modArchCover\":-1,\"modLivery\":0,\"modDial\":-1,\"plate\":\"NWP 2577\",\"modDoorSpeaker\":-1,\"modFrontBumper\":-1,\"modTank\":-1,\"extras\":{\"1\":false},\"modArmor\":-1,\"modEngine\":-1,\"modRightFender\":-1,\"modSeats\":-1,\"modWindows\":-1,\"modBackWheels\":-1,\"wheelColor\":156,\"modTransmission\":-1,\"neonEnabled\":[false,false,false,false],\"modStruts\":-1,\"modExhaust\":-1,\"wheels\":0,\"tyreSmokeColor\":[255,255,255],\"health\":1000,\"modSmokeEnabled\":false,\"modTrunk\":-1,\"modBrakes\":-1,\"plateIndex\":4}', 'car', 'ambulance', 1, 0, 'voiture'),
(19, 'steam:11000010530efb9', 1, 'BBJ 6429', '{\"modFrontBumper\":-1,\"modSuspension\":-1,\"modArchCover\":-1,\"modDial\":-1,\"modFrame\":-1,\"pearlescentColor\":111,\"modRoof\":-1,\"color2\":1,\"modExhaust\":-1,\"neonEnabled\":[false,false,false,false],\"modSideSkirt\":-1,\"plateIndex\":2,\"modBrakes\":-1,\"modHydrolic\":-1,\"modArmor\":-1,\"modTank\":-1,\"modVanityPlate\":-1,\"wheelColor\":156,\"modFender\":-1,\"modBackWheels\":-1,\"modHood\":-1,\"windowTint\":-1,\"modHorns\":-1,\"modSpeakers\":-1,\"modSpoilers\":-1,\"modDoorSpeaker\":-1,\"modTurbo\":false,\"modPlateHolder\":-1,\"modEngineBlock\":-1,\"modTrimA\":-1,\"modTrimB\":-1,\"modTrunk\":-1,\"modDashboard\":-1,\"extras\":{\"11\":false,\"10\":true,\"12\":false},\"modGrille\":-1,\"modSteeringWheel\":-1,\"modRearBumper\":-1,\"tyreSmokeColor\":[255,255,255],\"modSmokeEnabled\":1,\"wheels\":2,\"modFrontWheels\":-1,\"dirtLevel\":15.0,\"modEngine\":-1,\"modLivery\":-1,\"modTransmission\":-1,\"modAirFilter\":-1,\"plate\":\"BBJ 6429\",\"modXenon\":false,\"color1\":6,\"modAPlate\":-1,\"modWindows\":-1,\"model\":-685276541,\"neonColor\":[255,0,255],\"modAerials\":-1,\"health\":974,\"modRightFender\":-1,\"modSeats\":-1,\"modShifterLeavers\":-1,\"modStruts\":-1,\"modOrnaments\":-1}', 'car', NULL, 0, 0, 'voiture'),
(20, 'steam:110000100a8294c', 1, 'TVU 8134', '{\"modVanityPlate\":-1,\"modTrimA\":-1,\"modHorns\":-1,\"modArmor\":-1,\"modSuspension\":-1,\"modSpoilers\":-1,\"modXenon\":1,\"modRearBumper\":-1,\"plateIndex\":4,\"modArchCover\":-1,\"modSteeringWheel\":-1,\"modRoof\":-1,\"neonColor\":[255,0,255],\"modEngineBlock\":-1,\"health\":1000,\"pearlescentColor\":112,\"modTransmission\":-1,\"modFrontWheels\":-1,\"modDashboard\":-1,\"modTrimB\":-1,\"modPlateHolder\":-1,\"modSeats\":-1,\"color1\":111,\"modBrakes\":-1,\"modAerials\":-1,\"modTank\":-1,\"modFender\":-1,\"wheelColor\":156,\"modSmokeEnabled\":1,\"wheels\":1,\"tyreSmokeColor\":[255,255,255],\"modDial\":-1,\"modHood\":-1,\"modTurbo\":1,\"color2\":0,\"modAirFilter\":-1,\"extras\":{\"10\":false,\"1\":false,\"2\":true,\"3\":false},\"modExhaust\":-1,\"modWindows\":-1,\"modFrontBumper\":-1,\"modGrille\":-1,\"windowTint\":-1,\"modLivery\":1,\"modFrame\":-1,\"neonEnabled\":[false,false,false,false],\"modHydrolic\":-1,\"modRightFender\":-1,\"plate\":\"TVU 8134\",\"modStruts\":-1,\"modOrnaments\":-1,\"modTrunk\":-1,\"modDoorSpeaker\":-1,\"dirtLevel\":3.9242968559265,\"modShifterLeavers\":-1,\"modBackWheels\":-1,\"modAPlate\":-1,\"modEngine\":-1,\"modSpeakers\":-1,\"modSideSkirt\":-1,\"model\":2046537925}', 'car', 'police', 1, 0, 'voiture'),
(21, 'Char1:110000101917bfc', 1, 'UUM 2173', '{\"modFender\":-1,\"modArchCover\":-1,\"model\":1491277511,\"modRightFender\":-1,\"modSteeringWheel\":-1,\"modEngineBlock\":-1,\"modGrille\":-1,\"color2\":121,\"modTrimA\":-1,\"tyreSmokeColor\":[255,255,255],\"modFrame\":-1,\"modSuspension\":-1,\"modBackWheels\":-1,\"modHydrolic\":-1,\"modRoof\":-1,\"color1\":12,\"modSpeakers\":-1,\"modOrnaments\":-1,\"modRearBumper\":-1,\"modTransmission\":-1,\"modExhaust\":-1,\"health\":941,\"modSpoilers\":11,\"modTrimB\":-1,\"modTrunk\":-1,\"modPlateHolder\":-1,\"modTank\":-1,\"modShifterLeavers\":-1,\"modDashboard\":-1,\"neonColor\":[255,0,255],\"modAPlate\":-1,\"modFrontBumper\":-1,\"modWindows\":-1,\"pearlescentColor\":120,\"extras\":[],\"wheels\":6,\"modArmor\":-1,\"modAerials\":-1,\"modSeats\":-1,\"modBrakes\":2,\"modSideSkirt\":-1,\"modFrontWheels\":-1,\"modDoorSpeaker\":-1,\"modEngine\":-1,\"plate\":\"UUM 2173\",\"modTurbo\":false,\"modStruts\":-1,\"modHood\":-1,\"modSmokeEnabled\":1,\"neonEnabled\":[false,false,false,false],\"modHorns\":-1,\"modXenon\":false,\"modLivery\":-1,\"modDial\":-1,\"windowTint\":-1,\"modAirFilter\":-1,\"plateIndex\":0,\"dirtLevel\":13.918273925781,\"wheelColor\":33,\"modVanityPlate\":-1}', 'car', NULL, 0, 0, 'voiture'),
(22, 'Char1:110000108be35c6', 1, 'TQJ 0816', '{\"modTrimA\":-1,\"modArchCover\":-1,\"modSpeakers\":-1,\"modShifterLeavers\":-1,\"wheels\":1,\"modTrunk\":-1,\"modRearBumper\":-1,\"modSideSkirt\":-1,\"modHorns\":-1,\"plate\":\"TQJ 0816\",\"modEngineBlock\":-1,\"tyreSmokeColor\":[255,255,255],\"modRoof\":-1,\"modFrontBumper\":-1,\"health\":1000,\"modTransmission\":-1,\"modSmokeEnabled\":1,\"modSpoilers\":-1,\"modPlateHolder\":-1,\"modSeats\":-1,\"neonEnabled\":[false,false,false,false],\"modHood\":-1,\"wheelColor\":156,\"plateIndex\":0,\"model\":296357396,\"neonColor\":[255,0,255],\"modVanityPlate\":-1,\"modBrakes\":0,\"modLivery\":-1,\"modDashboard\":-1,\"pearlescentColor\":1,\"modWindows\":-1,\"color1\":0,\"extras\":[],\"modFender\":-1,\"modBackWheels\":-1,\"modArmor\":-1,\"modTrimB\":-1,\"modOrnaments\":-1,\"modSuspension\":-1,\"modHydrolic\":-1,\"color2\":29,\"modAPlate\":-1,\"modRightFender\":-1,\"modFrame\":-1,\"modGrille\":-1,\"modStruts\":-1,\"modAirFilter\":-1,\"modXenon\":false,\"modSteeringWheel\":-1,\"windowTint\":-1,\"modTurbo\":false,\"modDoorSpeaker\":-1,\"modFrontWheels\":-1,\"modTank\":-1,\"modAerials\":-1,\"modEngine\":1,\"dirtLevel\":2.4361140727997,\"modDial\":-1,\"modExhaust\":-1}', 'car', NULL, 1, 0, 'voiture'),
(23, 'Char1:110000101917bfc', 1, 'JPJ 2701', '{\"modTrunk\":-1,\"modAPlate\":-1,\"pearlescentColor\":112,\"modExhaust\":-1,\"modTank\":-1,\"modVanityPlate\":-1,\"modHydrolic\":-1,\"modSuspension\":-1,\"modSideSkirt\":-1,\"modStruts\":-1,\"modTransmission\":-1,\"tyreSmokeColor\":[255,255,255],\"modArchCover\":-1,\"modSmokeEnabled\":1,\"wheelColor\":156,\"modTurbo\":false,\"modRightFender\":-1,\"modDoorSpeaker\":-1,\"modSpeakers\":-1,\"modFrontWheels\":-1,\"neonColor\":[255,0,255],\"modPlateHolder\":-1,\"modSteeringWheel\":-1,\"windowTint\":-1,\"modHorns\":-1,\"modRearBumper\":-1,\"modBackWheels\":-1,\"modDial\":-1,\"modDashboard\":-1,\"modFrame\":-1,\"modAerials\":-1,\"modXenon\":false,\"modSeats\":-1,\"modSpoilers\":-1,\"color2\":28,\"modLivery\":1,\"modTrimA\":-1,\"plateIndex\":4,\"modTrimB\":-1,\"modFrontBumper\":-1,\"dirtLevel\":0.26060047745705,\"modArmor\":-1,\"health\":1000,\"plate\":\"JPJ 2701\",\"modShifterLeavers\":-1,\"wheels\":0,\"extras\":{\"1\":false},\"modHood\":-1,\"modEngine\":-1,\"modWindows\":-1,\"model\":1171614426,\"modRoof\":-1,\"modFender\":-1,\"modBrakes\":-1,\"modOrnaments\":-1,\"modGrille\":-1,\"modEngineBlock\":-1,\"modAirFilter\":-1,\"color1\":112,\"neonEnabled\":[false,false,false,false]}', 'car', 'ambulance', 1, 0, 'voiture'),
(24, 'steam:110000136441712', 1, 'PKA 6453', '{\"modFrontBumper\":-1,\"modSuspension\":-1,\"modArchCover\":-1,\"modDial\":-1,\"modFrame\":-1,\"pearlescentColor\":7,\"modRoof\":-1,\"color2\":2,\"modExhaust\":-1,\"neonEnabled\":[false,false,false,false],\"modEngineBlock\":-1,\"plateIndex\":3,\"modBrakes\":-1,\"modHydrolic\":-1,\"modArmor\":-1,\"windowTint\":-1,\"modVanityPlate\":-1,\"wheelColor\":156,\"color1\":2,\"extras\":[],\"modStruts\":-1,\"modSideSkirt\":-1,\"modAirFilter\":-1,\"modSpeakers\":-1,\"tyreSmokeColor\":[255,255,255],\"modDoorSpeaker\":-1,\"modTurbo\":false,\"neonColor\":[255,0,255],\"modPlateHolder\":-1,\"modTrimA\":-1,\"modTrimB\":-1,\"modBackWheels\":-1,\"modDashboard\":-1,\"modTrunk\":-1,\"modGrille\":-1,\"modSteeringWheel\":-1,\"modSeats\":-1,\"modHood\":-1,\"modSmokeEnabled\":false,\"wheels\":5,\"modFrontWheels\":-1,\"modHorns\":-1,\"modEngine\":-1,\"modLivery\":-1,\"modShifterLeavers\":-1,\"modSpoilers\":-1,\"dirtLevel\":13.079210281372,\"modXenon\":false,\"modFender\":-1,\"modAPlate\":-1,\"modWindows\":-1,\"model\":1373123368,\"plate\":\"PKA 6453\",\"modAerials\":-1,\"health\":998,\"modRightFender\":-1,\"modTank\":-1,\"modRearBumper\":-1,\"modTransmission\":-1,\"modOrnaments\":-1}', 'car', NULL, 0, 0, 'voiture'),
(25, 'steam:110000136441712', 1, 'MIQ 1851', '{\"modXenon\":false,\"modTransmission\":-1,\"modGrille\":-1,\"plateIndex\":4,\"modDial\":-1,\"neonColor\":[255,0,255],\"extras\":{\"1\":true},\"model\":1171614426,\"modFender\":-1,\"modHood\":-1,\"modTrimB\":-1,\"modFrame\":-1,\"modAerials\":-1,\"wheels\":0,\"windowTint\":-1,\"modSuspension\":-1,\"modOrnaments\":-1,\"modHydrolic\":-1,\"plate\":\"MIQ 1851\",\"modRoof\":-1,\"modSteeringWheel\":-1,\"modSpeakers\":-1,\"modSeats\":-1,\"wheelColor\":156,\"modSideSkirt\":-1,\"neonEnabled\":[false,false,false,false],\"modAirFilter\":-1,\"modWindows\":-1,\"modArmor\":-1,\"modFrontWheels\":-1,\"modPlateHolder\":-1,\"modShifterLeavers\":-1,\"pearlescentColor\":112,\"modEngine\":-1,\"modBrakes\":-1,\"modDashboard\":-1,\"modEngineBlock\":-1,\"modTrimA\":-1,\"modTurbo\":false,\"modDoorSpeaker\":-1,\"tyreSmokeColor\":[255,255,255],\"modHorns\":-1,\"dirtLevel\":5.0,\"modSpoilers\":-1,\"modRearBumper\":-1,\"modTank\":-1,\"color2\":28,\"color1\":112,\"modArchCover\":-1,\"health\":1000,\"modStruts\":-1,\"modSmokeEnabled\":false,\"modLivery\":2,\"modAPlate\":-1,\"modRightFender\":-1,\"modFrontBumper\":-1,\"modExhaust\":-1,\"modTrunk\":-1,\"modVanityPlate\":-1,\"modBackWheels\":-1}', 'car', 'ambulance', 1, 0, 'voiture'),
(26, 'Char1:110000108be35c6', 1, 'NWL 2617', '{\"modTrimB\":-1,\"modEngineBlock\":-1,\"plate\":\"NWL 2617\",\"modSeats\":-1,\"modHood\":-1,\"modBrakes\":2,\"modAerials\":-1,\"modFrame\":-1,\"color1\":0,\"modDoorSpeaker\":-1,\"model\":-566387422,\"modSuspension\":-1,\"modTransmission\":-1,\"wheels\":0,\"modArchCover\":-1,\"modSpeakers\":-1,\"modRoof\":-1,\"color2\":0,\"neonEnabled\":[false,false,false,false],\"modSideSkirt\":-1,\"modFender\":-1,\"modTank\":-1,\"modPlateHolder\":-1,\"modRightFender\":-1,\"modXenon\":false,\"modHydrolic\":-1,\"windowTint\":-1,\"modFrontBumper\":-1,\"modEngine\":1,\"modLivery\":-1,\"wheelColor\":156,\"modWindows\":-1,\"modRearBumper\":-1,\"modSmokeEnabled\":1,\"dirtLevel\":9.3503932952881,\"modTurbo\":false,\"modBackWheels\":-1,\"modSpoilers\":-1,\"modOrnaments\":-1,\"tyreSmokeColor\":[255,255,255],\"modShifterLeavers\":-1,\"modStruts\":-1,\"neonColor\":[255,0,255],\"modTrunk\":-1,\"health\":1000,\"modAPlate\":-1,\"modFrontWheels\":-1,\"modTrimA\":-1,\"pearlescentColor\":10,\"modAirFilter\":-1,\"plateIndex\":0,\"modDashboard\":-1,\"modDial\":-1,\"modExhaust\":-1,\"modSteeringWheel\":-1,\"modArmor\":-1,\"modHorns\":-1,\"modGrille\":-1,\"modVanityPlate\":-1,\"extras\":{\"10\":false,\"1\":false,\"11\":false}}', 'car', NULL, 0, 0, 'voiture'),
(27, 'steam:110000108be35c6', 1, 'KGA 1775', '{\"modSpeakers\":-1,\"modEngine\":-1,\"neonColor\":[255,0,255],\"modHorns\":-1,\"modAPlate\":-1,\"plate\":\"KGA 1775\",\"modVanityPlate\":-1,\"modHood\":-1,\"modSpoilers\":-1,\"modXenon\":false,\"modSeats\":-1,\"modBrakes\":-1,\"color2\":0,\"modAerials\":-1,\"modFender\":-1,\"pearlescentColor\":89,\"wheels\":0,\"modSuspension\":-1,\"modTrimB\":-1,\"neonEnabled\":[false,false,false,false],\"modStruts\":-1,\"modGrille\":-1,\"modTransmission\":-1,\"modLivery\":-1,\"modFrontWheels\":-1,\"modArchCover\":-1,\"health\":997,\"modEngineBlock\":-1,\"modTrunk\":-1,\"tyreSmokeColor\":[255,255,255],\"modFrame\":-1,\"modArmor\":-1,\"modDoorSpeaker\":-1,\"modFrontBumper\":-1,\"modTurbo\":false,\"modDial\":-1,\"extras\":{\"11\":false,\"10\":false},\"modOrnaments\":-1,\"modRearBumper\":-1,\"modExhaust\":-1,\"modDashboard\":-1,\"modSteeringWheel\":-1,\"modWindows\":-1,\"dirtLevel\":12.271702766418,\"modTank\":-1,\"plateIndex\":0,\"color1\":36,\"modPlateHolder\":-1,\"wheelColor\":156,\"modSmokeEnabled\":1,\"windowTint\":-1,\"model\":-1450650718,\"modRoof\":-1,\"modAirFilter\":-1,\"modBackWheels\":-1,\"modTrimA\":-1,\"modSideSkirt\":-1,\"modHydrolic\":-1,\"modShifterLeavers\":-1,\"modRightFender\":-1}', 'car', NULL, 0, 0, 'voiture'),
(28, 'steam:110000100a8294c', 1, 'GGJ 7072', '{\"modArmor\":-1,\"neonEnabled\":[false,false,false,false],\"modDashboard\":-1,\"tyreSmokeColor\":[255,255,255],\"modFender\":-1,\"modAerials\":-1,\"model\":-1627000575,\"color1\":111,\"modVanityPlate\":-1,\"modEngine\":3,\"modExhaust\":-1,\"modSpeakers\":-1,\"modXenon\":1,\"modShifterLeavers\":-1,\"modHood\":-1,\"modWindows\":-1,\"modRoof\":-1,\"modTransmission\":2,\"modHorns\":-1,\"neonColor\":[255,0,255],\"modTank\":-1,\"modRightFender\":-1,\"modLivery\":0,\"extras\":{\"11\":false,\"1\":false},\"modGrille\":-1,\"color2\":0,\"modBrakes\":2,\"modFrontWheels\":-1,\"plate\":\"GGJ 7072\",\"modDial\":-1,\"wheels\":0,\"modFrontBumper\":-1,\"modSpoilers\":-1,\"modDoorSpeaker\":-1,\"modFrame\":-1,\"modRearBumper\":-1,\"modHydrolic\":-1,\"modOrnaments\":-1,\"modTrunk\":-1,\"pearlescentColor\":1,\"modSuspension\":-1,\"modSteeringWheel\":-1,\"modTrimB\":-1,\"modPlateHolder\":-1,\"modStruts\":-1,\"modAPlate\":-1,\"dirtLevel\":0.14518371224403,\"modSeats\":-1,\"modSideSkirt\":-1,\"modTrimA\":-1,\"modSmokeEnabled\":1,\"modEngineBlock\":-1,\"wheelColor\":156,\"health\":1000,\"modAirFilter\":-1,\"modArchCover\":-1,\"windowTint\":-1,\"plateIndex\":4,\"modBackWheels\":-1,\"modTurbo\":1}', 'car', 'police', 1, 0, 'voiture'),
(29, 'steam:110000108be35c6', 1, 'FBX 0991', '{\"plate\":\"FBX 0991\",\"modVanityPlate\":-1,\"modDoorSpeaker\":-1,\"modHydrolic\":-1,\"modExhaust\":-1,\"modEngineBlock\":-1,\"modFender\":-1,\"modXenon\":false,\"modFrontWheels\":-1,\"modWindows\":-1,\"modTransmission\":-1,\"modBackWheels\":-1,\"color1\":111,\"modPlateHolder\":-1,\"modHorns\":-1,\"plateIndex\":4,\"tyreSmokeColor\":[255,255,255],\"modBrakes\":-1,\"modSeats\":-1,\"modSteeringWheel\":-1,\"pearlescentColor\":1,\"modSideSkirt\":-1,\"modStruts\":-1,\"neonColor\":[255,0,255],\"modRearBumper\":-1,\"modSpeakers\":-1,\"modTank\":-1,\"modTurbo\":false,\"modHood\":-1,\"wheelColor\":156,\"modArmor\":-1,\"modOrnaments\":-1,\"modShifterLeavers\":-1,\"model\":1912215274,\"wheels\":0,\"modSuspension\":-1,\"modTrimB\":-1,\"modDashboard\":-1,\"modTrunk\":-1,\"modEngine\":-1,\"dirtLevel\":2.0,\"modRightFender\":-1,\"extras\":{\"1\":true,\"12\":true},\"modArchCover\":-1,\"modRoof\":-1,\"modFrontBumper\":-1,\"color2\":0,\"windowTint\":-1,\"modSmokeEnabled\":false,\"modFrame\":-1,\"modSpoilers\":-1,\"modGrille\":-1,\"neonEnabled\":[false,false,false,false],\"modLivery\":4,\"modDial\":-1,\"modAerials\":-1,\"health\":1000,\"modTrimA\":-1,\"modAPlate\":-1,\"modAirFilter\":-1}', 'car', 'police', 1, 0, 'voiture'),
(31, 'steam:110000101917bfc', 1, 'GDM 6689', '{\"modFrontBumper\":-1,\"modDoorSpeaker\":-1,\"modExhaust\":-1,\"modSideSkirt\":-1,\"modPlateHolder\":-1,\"modAirFilter\":-1,\"dirtLevel\":2.9191653728485,\"neonColor\":[255,0,255],\"color1\":12,\"modFrontWheels\":-1,\"modSpeakers\":-1,\"neonEnabled\":[false,false,false,false],\"modShifterLeavers\":-1,\"modTurbo\":false,\"modTank\":-1,\"wheels\":6,\"color2\":12,\"wheelColor\":12,\"modBackWheels\":-1,\"model\":-570033273,\"modHydrolic\":-1,\"modSpoilers\":-1,\"pearlescentColor\":0,\"modVanityPlate\":-1,\"modEngine\":-1,\"modRoof\":-1,\"extras\":[],\"tyreSmokeColor\":[255,255,255],\"modFender\":-1,\"windowTint\":-1,\"modAerials\":-1,\"modArchCover\":-1,\"plateIndex\":0,\"modTransmission\":-1,\"modEngineBlock\":-1,\"plate\":\"GDM 6689\",\"modTrimA\":-1,\"modTrunk\":-1,\"modStruts\":-1,\"modArmor\":-1,\"modTrimB\":-1,\"modRightFender\":-1,\"modHorns\":-1,\"modLivery\":2,\"modDial\":-1,\"modSteeringWheel\":-1,\"modDashboard\":-1,\"modOrnaments\":-1,\"modXenon\":false,\"modRearBumper\":-1,\"modSeats\":-1,\"modBrakes\":-1,\"modHood\":-1,\"modFrame\":-1,\"modSuspension\":-1,\"health\":1000,\"modWindows\":-1,\"modAPlate\":-1,\"modGrille\":-1,\"modSmokeEnabled\":1}', 'car', NULL, 0, 0, 'voiture'),
(32, 'Char1:110000101917bfc', 1, 'DVD 6095', '{\"modSpeakers\":-1,\"modRoof\":-1,\"modBackWheels\":-1,\"plateIndex\":4,\"modXenon\":false,\"modTransmission\":-1,\"dirtLevel\":0.48937466740608,\"modDoorSpeaker\":-1,\"modHood\":-1,\"modAPlate\":-1,\"modFrontBumper\":-1,\"health\":1000,\"modStruts\":-1,\"modExhaust\":-1,\"neonEnabled\":[false,false,false,false],\"modVanityPlate\":-1,\"plate\":\"DVD 6095\",\"model\":-576293386,\"pearlescentColor\":134,\"modFrame\":-1,\"modSteeringWheel\":-1,\"modAerials\":-1,\"modEngine\":-1,\"modDashboard\":-1,\"modTurbo\":false,\"modLivery\":3,\"modWindows\":-1,\"modSmokeEnabled\":1,\"neonColor\":[255,0,255],\"modTrimB\":-1,\"modHydrolic\":-1,\"modBrakes\":-1,\"modHorns\":-1,\"color2\":134,\"modEngineBlock\":-1,\"windowTint\":-1,\"color1\":134,\"modSideSkirt\":-1,\"modShifterLeavers\":-1,\"modSeats\":-1,\"modArchCover\":-1,\"modArmor\":-1,\"tyreSmokeColor\":[255,255,255],\"modSuspension\":-1,\"modTrimA\":-1,\"wheelColor\":134,\"modDial\":-1,\"modSpoilers\":-1,\"modOrnaments\":-1,\"modTrunk\":-1,\"wheels\":3,\"modPlateHolder\":-1,\"modFender\":-1,\"modGrille\":-1,\"modRearBumper\":-1,\"modFrontWheels\":31,\"modAirFilter\":-1,\"extras\":{\"11\":true},\"modRightFender\":-1,\"modTank\":-1}', 'car', 'ambulance', 1, 0, 'voiture'),
(33, 'steam:110000108be35c6', 1, 'ALC 5528', '{\"modSpeakers\":-1,\"modEngine\":-1,\"neonColor\":[255,0,255],\"modHorns\":-1,\"modAPlate\":-1,\"plate\":\"ALC 5528\",\"modVanityPlate\":-1,\"modHood\":-1,\"modSpoilers\":-1,\"modXenon\":false,\"modSeats\":-1,\"modBrakes\":-1,\"color2\":0,\"modAerials\":-1,\"modFender\":-1,\"pearlescentColor\":1,\"wheels\":0,\"modSuspension\":-1,\"modTrimB\":-1,\"neonEnabled\":[false,false,false,false],\"modStruts\":-1,\"modGrille\":-1,\"modTransmission\":-1,\"modLivery\":-1,\"modFrontWheels\":-1,\"modArchCover\":-1,\"health\":999,\"modEngineBlock\":-1,\"modTrunk\":-1,\"tyreSmokeColor\":[255,255,255],\"modFrame\":-1,\"modArmor\":-1,\"modDoorSpeaker\":-1,\"modFrontBumper\":-1,\"modTurbo\":false,\"modDial\":-1,\"extras\":{\"11\":true,\"1\":false},\"modOrnaments\":-1,\"modRearBumper\":-1,\"modExhaust\":-1,\"modDashboard\":-1,\"modSteeringWheel\":-1,\"modWindows\":-1,\"dirtLevel\":0.11433408409357,\"modTank\":-1,\"plateIndex\":4,\"color1\":111,\"modPlateHolder\":-1,\"wheelColor\":156,\"modSmokeEnabled\":1,\"windowTint\":-1,\"model\":-1627000575,\"modRoof\":-1,\"modAirFilter\":-1,\"modBackWheels\":-1,\"modTrimA\":-1,\"modSideSkirt\":-1,\"modHydrolic\":-1,\"modShifterLeavers\":-1,\"modRightFender\":-1}', 'car', 'police', 0, 0, 'voiture'),
(34, 'Char2:110000100a8294c', 1, 'VMM 2238', '{\"modTrunk\":-1,\"modRearBumper\":-1,\"modDashboard\":-1,\"modStruts\":-1,\"modAerials\":-1,\"modTransmission\":-1,\"modTurbo\":false,\"modFrame\":-1,\"modAPlate\":-1,\"color1\":134,\"modArchCover\":-1,\"modHorns\":-1,\"color2\":134,\"modSmokeEnabled\":false,\"tyreSmokeColor\":[255,255,255],\"neonEnabled\":[false,false,false,false],\"plateIndex\":4,\"model\":-576293386,\"modGrille\":-1,\"modBrakes\":-1,\"modDial\":-1,\"modSpeakers\":-1,\"neonColor\":[255,0,255],\"modWindows\":-1,\"modRightFender\":-1,\"modTrimA\":-1,\"modFender\":-1,\"modVanityPlate\":-1,\"modRoof\":-1,\"modLivery\":1,\"modEngineBlock\":-1,\"modFrontWheels\":-1,\"modBackWheels\":-1,\"plate\":\"VMM 2238\",\"dirtLevel\":10.0,\"modHydrolic\":-1,\"wheelColor\":134,\"pearlescentColor\":134,\"modFrontBumper\":-1,\"modSuspension\":-1,\"modTank\":-1,\"wheels\":3,\"modExhaust\":-1,\"health\":1000,\"modShifterLeavers\":-1,\"modSpoilers\":-1,\"windowTint\":-1,\"modSideSkirt\":-1,\"modPlateHolder\":-1,\"modOrnaments\":-1,\"modAirFilter\":-1,\"modXenon\":false,\"modDoorSpeaker\":-1,\"extras\":{\"11\":false},\"modArmor\":-1,\"modEngine\":-1,\"modTrimB\":-1,\"modSeats\":-1,\"modSteeringWheel\":-1,\"modHood\":-1}', 'car', 'ambulance', 1, 0, 'voiture'),
(35, 'steam:11000011517e46a', 1, 'AXF 2927', '{\"modExhaust\":-1,\"color2\":6,\"modArchCover\":-1,\"modBackWheels\":-1,\"model\":1672195559,\"modSmokeEnabled\":false,\"plate\":\"AXF 2927\",\"modEngineBlock\":-1,\"modHorns\":-1,\"extras\":{\"9\":true,\"4\":true,\"1\":true},\"modSteeringWheel\":-1,\"modSideSkirt\":-1,\"modBrakes\":-1,\"modXenon\":false,\"health\":1000,\"modHydrolic\":-1,\"modFrontBumper\":-1,\"modTransmission\":-1,\"modArmor\":-1,\"modFrame\":-1,\"modHood\":-1,\"modFrontWheels\":-1,\"wheelColor\":156,\"modLivery\":-1,\"modAerials\":-1,\"pearlescentColor\":111,\"modAirFilter\":-1,\"modPlateHolder\":-1,\"color1\":6,\"modOrnaments\":-1,\"modSeats\":-1,\"modTank\":-1,\"modTrimB\":-1,\"neonEnabled\":[false,false,false,false],\"modWindows\":-1,\"modFender\":-1,\"modSuspension\":-1,\"modShifterLeavers\":-1,\"modTurbo\":false,\"plateIndex\":3,\"modRightFender\":-1,\"modStruts\":-1,\"dirtLevel\":7.0000138282776,\"windowTint\":-1,\"neonColor\":[255,0,255],\"modDial\":-1,\"wheels\":6,\"modSpoilers\":-1,\"modDashboard\":-1,\"modGrille\":-1,\"tyreSmokeColor\":[255,255,255],\"modRoof\":-1,\"modDoorSpeaker\":-1,\"modRearBumper\":-1,\"modTrunk\":-1,\"modAPlate\":-1,\"modVanityPlate\":-1,\"modSpeakers\":-1,\"modTrimA\":-1,\"modEngine\":-1}', 'car', NULL, 0, 0, 'voiture'),
(36, 'steam:1100001091a359d', 1, 'AQO 0424', '{\"modSpoilers\":-1,\"modDashboard\":-1,\"neonColor\":[255,0,255],\"modHood\":-1,\"modRoof\":-1,\"modSteeringWheel\":-1,\"modOrnaments\":-1,\"modDial\":-1,\"modWindows\":-1,\"wheels\":0,\"health\":1000,\"modRightFender\":-1,\"modVanityPlate\":-1,\"modSideSkirt\":-1,\"modFrontWheels\":-1,\"dirtLevel\":7.0,\"modPlateHolder\":-1,\"modArmor\":-1,\"modSeats\":-1,\"modFrame\":-1,\"modSuspension\":-1,\"modBrakes\":-1,\"modStruts\":-1,\"modHydrolic\":-1,\"modSmokeEnabled\":false,\"modTrunk\":-1,\"plate\":\"AQO 0424\",\"modTrimB\":-1,\"modSpeakers\":-1,\"modLivery\":1,\"model\":1171614426,\"modShifterLeavers\":-1,\"modGrille\":-1,\"modAPlate\":-1,\"color2\":28,\"modArchCover\":-1,\"modDoorSpeaker\":-1,\"modXenon\":false,\"modAerials\":-1,\"modEngineBlock\":-1,\"extras\":{\"1\":true},\"tyreSmokeColor\":[255,255,255],\"wheelColor\":156,\"modFender\":-1,\"modRearBumper\":-1,\"modTrimA\":-1,\"neonEnabled\":[false,false,false,false],\"windowTint\":-1,\"modTank\":-1,\"modTransmission\":-1,\"modEngine\":-1,\"modFrontBumper\":-1,\"plateIndex\":4,\"modExhaust\":-1,\"modBackWheels\":-1,\"pearlescentColor\":112,\"modHorns\":-1,\"modTurbo\":false,\"modAirFilter\":-1,\"color1\":112}', 'car', 'ambulance', 1, 0, 'voiture');

-- --------------------------------------------------------

--
-- Table structure for table `properties`
--

CREATE TABLE `properties` (
  `id` int(11) NOT NULL,
  `name` varchar(255) DEFAULT NULL,
  `label` varchar(255) DEFAULT NULL,
  `entering` varchar(255) DEFAULT NULL,
  `exit` varchar(255) DEFAULT NULL,
  `inside` varchar(255) DEFAULT NULL,
  `outside` varchar(255) DEFAULT NULL,
  `ipls` varchar(255) DEFAULT '[]',
  `gateway` varchar(255) DEFAULT NULL,
  `is_single` int(11) DEFAULT NULL,
  `is_room` int(11) DEFAULT NULL,
  `is_gateway` int(11) DEFAULT NULL,
  `room_menu` varchar(255) DEFAULT NULL,
  `price` int(11) NOT NULL
) ENGINE=InnoDB DEFAULT CHARSET=latin1;

--
-- Dumping data for table `properties`
--

INSERT INTO `properties` (`id`, `name`, `label`, `entering`, `exit`, `inside`, `outside`, `ipls`, `gateway`, `is_single`, `is_room`, `is_gateway`, `room_menu`, `price`) VALUES
(1, 'WhispymoundDrive', '2677 Whispymound Drive', '{\"y\":564.89,\"z\":182.959,\"x\":119.384}', '{\"x\":117.347,\"y\":559.506,\"z\":183.304}', '{\"y\":557.032,\"z\":183.301,\"x\":118.037}', '{\"y\":567.798,\"z\":182.131,\"x\":119.249}', '[]', NULL, 1, 1, 0, '{\"x\":118.748,\"y\":566.573,\"z\":175.697}', 1500000),
(2, 'NorthConkerAvenue2045', '2045 North Conker Avenue', '{\"x\":372.796,\"y\":428.327,\"z\":144.685}', '{\"x\":373.548,\"y\":422.982,\"z\":144.907},', '{\"y\":420.075,\"z\":145.904,\"x\":372.161}', '{\"x\":372.454,\"y\":432.886,\"z\":143.443}', '[]', NULL, 1, 1, 0, '{\"x\":377.349,\"y\":429.422,\"z\":137.3}', 1500000),
(3, 'RichardMajesticApt2', 'Richard Majestic, Apt 2', '{\"y\":-379.165,\"z\":37.961,\"x\":-936.363}', '{\"y\":-365.476,\"z\":113.274,\"x\":-913.097}', '{\"y\":-367.637,\"z\":113.274,\"x\":-918.022}', '{\"y\":-382.023,\"z\":37.961,\"x\":-943.626}', '[]', NULL, 1, 1, 0, '{\"x\":-927.554,\"y\":-377.744,\"z\":112.674}', 1700000),
(4, 'NorthConkerAvenue2044', '2044 North Conker Avenue', '{\"y\":440.8,\"z\":146.702,\"x\":346.964}', '{\"y\":437.456,\"z\":148.394,\"x\":341.683}', '{\"y\":435.626,\"z\":148.394,\"x\":339.595}', '{\"x\":350.535,\"y\":443.329,\"z\":145.764}', '[]', NULL, 1, 1, 0, '{\"x\":337.726,\"y\":436.985,\"z\":140.77}', 1500000),
(5, 'WildOatsDrive', '3655 Wild Oats Drive', '{\"y\":502.696,\"z\":136.421,\"x\":-176.003}', '{\"y\":497.817,\"z\":136.653,\"x\":-174.349}', '{\"y\":495.069,\"z\":136.666,\"x\":-173.331}', '{\"y\":506.412,\"z\":135.0664,\"x\":-177.927}', '[]', NULL, 1, 1, 0, '{\"x\":-174.725,\"y\":493.095,\"z\":129.043}', 1500000),
(6, 'HillcrestAvenue2862', '2862 Hillcrest Avenue', '{\"y\":596.58,\"z\":142.641,\"x\":-686.554}', '{\"y\":591.988,\"z\":144.392,\"x\":-681.728}', '{\"y\":590.608,\"z\":144.392,\"x\":-680.124}', '{\"y\":599.019,\"z\":142.059,\"x\":-689.492}', '[]', NULL, 1, 1, 0, '{\"x\":-680.46,\"y\":588.6,\"z\":136.769}', 1500000),
(7, 'LowEndApartment', 'Basic apartment', '{\"y\":-1078.735,\"z\":28.4031,\"x\":292.528}', '{\"y\":-1007.152,\"z\":-102.002,\"x\":265.845}', '{\"y\":-1002.802,\"z\":-100.008,\"x\":265.307}', '{\"y\":-1078.669,\"z\":28.401,\"x\":296.738}', '[]', NULL, 1, 1, 0, '{\"x\":265.916,\"y\":-999.38,\"z\":-100.008}', 562500),
(8, 'MadWayneThunder', '2113 Mad Wayne Thunder', '{\"y\":454.955,\"z\":96.462,\"x\":-1294.433}', '{\"x\":-1289.917,\"y\":449.541,\"z\":96.902}', '{\"y\":446.322,\"z\":96.899,\"x\":-1289.642}', '{\"y\":455.453,\"z\":96.517,\"x\":-1298.851}', '[]', NULL, 1, 1, 0, '{\"x\":-1287.306,\"y\":455.901,\"z\":89.294}', 1500000),
(9, 'HillcrestAvenue2874', '2874 Hillcrest Avenue', '{\"x\":-853.346,\"y\":696.678,\"z\":147.782}', '{\"y\":690.875,\"z\":151.86,\"x\":-859.961}', '{\"y\":688.361,\"z\":151.857,\"x\":-859.395}', '{\"y\":701.628,\"z\":147.773,\"x\":-855.007}', '[]', NULL, 1, 1, 0, '{\"x\":-858.543,\"y\":697.514,\"z\":144.253}', 1500000),
(10, 'HillcrestAvenue2868', '2868 Hillcrest Avenue', '{\"y\":620.494,\"z\":141.588,\"x\":-752.82}', '{\"y\":618.62,\"z\":143.153,\"x\":-759.317}', '{\"y\":617.629,\"z\":143.153,\"x\":-760.789}', '{\"y\":621.281,\"z\":141.254,\"x\":-750.919}', '[]', NULL, 1, 1, 0, '{\"x\":-762.504,\"y\":618.992,\"z\":135.53}', 1500000),
(11, 'TinselTowersApt12', 'Tinsel Towers, Apt 42', '{\"y\":37.025,\"z\":42.58,\"x\":-618.299}', '{\"y\":58.898,\"z\":97.2,\"x\":-603.301}', '{\"y\":58.941,\"z\":97.2,\"x\":-608.741}', '{\"y\":30.603,\"z\":42.524,\"x\":-620.017}', '[]', NULL, 1, 1, 0, '{\"x\":-622.173,\"y\":54.585,\"z\":96.599}', 1700000),
(12, 'MiltonDrive', 'Milton Drive', '{\"x\":-775.17,\"y\":312.01,\"z\":84.658}', NULL, NULL, '{\"x\":-775.346,\"y\":306.776,\"z\":84.7}', '[]', NULL, 0, 0, 1, NULL, 0),
(13, 'Modern1Apartment', 'Modern Apartment 1', NULL, '{\"x\":-784.194,\"y\":323.636,\"z\":210.997}', '{\"x\":-779.751,\"y\":323.385,\"z\":210.997}', NULL, '[\"apa_v_mp_h_01_a\"]', 'MiltonDrive', 0, 1, 0, '{\"x\":-766.661,\"y\":327.672,\"z\":210.396}', 1300000),
(14, 'Modern2Apartment', 'Modern Apartment 2', NULL, '{\"x\":-786.8663,\"y\":315.764,\"z\":186.913}', '{\"x\":-781.808,\"y\":315.866,\"z\":186.913}', NULL, '[\"apa_v_mp_h_01_c\"]', 'MiltonDrive', 0, 1, 0, '{\"x\":-795.735,\"y\":326.757,\"z\":186.313}', 1300000),
(15, 'Modern3Apartment', 'Modern Apartment 3', NULL, '{\"x\":-774.012,\"y\":342.042,\"z\":195.686}', '{\"x\":-779.057,\"y\":342.063,\"z\":195.686}', NULL, '[\"apa_v_mp_h_01_b\"]', 'MiltonDrive', 0, 1, 0, '{\"x\":-765.386,\"y\":330.782,\"z\":195.08}', 1300000),
(16, 'Mody1Apartment', 'Mody Apartment 1', NULL, '{\"x\":-784.194,\"y\":323.636,\"z\":210.997}', '{\"x\":-779.751,\"y\":323.385,\"z\":210.997}', NULL, '[\"apa_v_mp_h_02_a\"]', 'MiltonDrive', 0, 1, 0, '{\"x\":-766.615,\"y\":327.878,\"z\":210.396}', 1300000),
(17, 'Mody2Apartment', 'Mody Apartment 2', NULL, '{\"x\":-786.8663,\"y\":315.764,\"z\":186.913}', '{\"x\":-781.808,\"y\":315.866,\"z\":186.913}', NULL, '[\"apa_v_mp_h_02_c\"]', 'MiltonDrive', 0, 1, 0, '{\"x\":-795.297,\"y\":327.092,\"z\":186.313}', 1300000),
(18, 'Mody3Apartment', 'Mody Apartment 3', NULL, '{\"x\":-774.012,\"y\":342.042,\"z\":195.686}', '{\"x\":-779.057,\"y\":342.063,\"z\":195.686}', NULL, '[\"apa_v_mp_h_02_b\"]', 'MiltonDrive', 0, 1, 0, '{\"x\":-765.303,\"y\":330.932,\"z\":195.085}', 1300000),
(19, 'Vibrant1Apartment', 'Vibrant Apartment 1', NULL, '{\"x\":-784.194,\"y\":323.636,\"z\":210.997}', '{\"x\":-779.751,\"y\":323.385,\"z\":210.997}', NULL, '[\"apa_v_mp_h_03_a\"]', 'MiltonDrive', 0, 1, 0, '{\"x\":-765.885,\"y\":327.641,\"z\":210.396}', 1300000),
(20, 'Vibrant2Apartment', 'Vibrant Apartment 2', NULL, '{\"x\":-786.8663,\"y\":315.764,\"z\":186.913}', '{\"x\":-781.808,\"y\":315.866,\"z\":186.913}', NULL, '[\"apa_v_mp_h_03_c\"]', 'MiltonDrive', 0, 1, 0, '{\"x\":-795.607,\"y\":327.344,\"z\":186.313}', 1300000),
(21, 'Vibrant3Apartment', 'Vibrant Apartment 3', NULL, '{\"x\":-774.012,\"y\":342.042,\"z\":195.686}', '{\"x\":-779.057,\"y\":342.063,\"z\":195.686}', NULL, '[\"apa_v_mp_h_03_b\"]', 'MiltonDrive', 0, 1, 0, '{\"x\":-765.525,\"y\":330.851,\"z\":195.085}', 1300000),
(22, 'Sharp1Apartment', 'Sharp Apartment 1', NULL, '{\"x\":-784.194,\"y\":323.636,\"z\":210.997}', '{\"x\":-779.751,\"y\":323.385,\"z\":210.997}', NULL, '[\"apa_v_mp_h_04_a\"]', 'MiltonDrive', 0, 1, 0, '{\"x\":-766.527,\"y\":327.89,\"z\":210.396}', 1300000),
(23, 'Sharp2Apartment', 'Sharp Apartment 2', NULL, '{\"x\":-786.8663,\"y\":315.764,\"z\":186.913}', '{\"x\":-781.808,\"y\":315.866,\"z\":186.913}', NULL, '[\"apa_v_mp_h_04_c\"]', 'MiltonDrive', 0, 1, 0, '{\"x\":-795.642,\"y\":326.497,\"z\":186.313}', 1300000),
(24, 'Sharp3Apartment', 'Sharp Apartment 3', NULL, '{\"x\":-774.012,\"y\":342.042,\"z\":195.686}', '{\"x\":-779.057,\"y\":342.063,\"z\":195.686}', NULL, '[\"apa_v_mp_h_04_b\"]', 'MiltonDrive', 0, 1, 0, '{\"x\":-765.503,\"y\":331.318,\"z\":195.085}', 1300000),
(25, 'Monochrome1Apartment', 'Monochrome Apartment 1', NULL, '{\"x\":-784.194,\"y\":323.636,\"z\":210.997}', '{\"x\":-779.751,\"y\":323.385,\"z\":210.997}', NULL, '[\"apa_v_mp_h_05_a\"]', 'MiltonDrive', 0, 1, 0, '{\"x\":-766.289,\"y\":328.086,\"z\":210.396}', 1300000),
(26, 'Monochrome2Apartment', 'Monochrome Apartment 2', NULL, '{\"x\":-786.8663,\"y\":315.764,\"z\":186.913}', '{\"x\":-781.808,\"y\":315.866,\"z\":186.913}', NULL, '[\"apa_v_mp_h_05_c\"]', 'MiltonDrive', 0, 1, 0, '{\"x\":-795.692,\"y\":326.762,\"z\":186.313}', 1300000),
(27, 'Monochrome3Apartment', 'Monochrome Apartment 3', NULL, '{\"x\":-774.012,\"y\":342.042,\"z\":195.686}', '{\"x\":-779.057,\"y\":342.063,\"z\":195.686}', NULL, '[\"apa_v_mp_h_05_b\"]', 'MiltonDrive', 0, 1, 0, '{\"x\":-765.094,\"y\":330.976,\"z\":195.085}', 1300000),
(28, 'Seductive1Apartment', 'Seductive Apartment 1', NULL, '{\"x\":-784.194,\"y\":323.636,\"z\":210.997}', '{\"x\":-779.751,\"y\":323.385,\"z\":210.997}', NULL, '[\"apa_v_mp_h_06_a\"]', 'MiltonDrive', 0, 1, 0, '{\"x\":-766.263,\"y\":328.104,\"z\":210.396}', 1300000),
(29, 'Seductive2Apartment', 'Seductive Apartment 2', NULL, '{\"x\":-786.8663,\"y\":315.764,\"z\":186.913}', '{\"x\":-781.808,\"y\":315.866,\"z\":186.913}', NULL, '[\"apa_v_mp_h_06_c\"]', 'MiltonDrive', 0, 1, 0, '{\"x\":-795.655,\"y\":326.611,\"z\":186.313}', 1300000),
(30, 'Seductive3Apartment', 'Seductive Apartment 3', NULL, '{\"x\":-774.012,\"y\":342.042,\"z\":195.686}', '{\"x\":-779.057,\"y\":342.063,\"z\":195.686}', NULL, '[\"apa_v_mp_h_06_b\"]', 'MiltonDrive', 0, 1, 0, '{\"x\":-765.3,\"y\":331.414,\"z\":195.085}', 1300000),
(31, 'Regal1Apartment', 'Regal Apartment 1', NULL, '{\"x\":-784.194,\"y\":323.636,\"z\":210.997}', '{\"x\":-779.751,\"y\":323.385,\"z\":210.997}', NULL, '[\"apa_v_mp_h_07_a\"]', 'MiltonDrive', 0, 1, 0, '{\"x\":-765.956,\"y\":328.257,\"z\":210.396}', 1300000),
(32, 'Regal2Apartment', 'Regal Apartment 2', NULL, '{\"x\":-786.8663,\"y\":315.764,\"z\":186.913}', '{\"x\":-781.808,\"y\":315.866,\"z\":186.913}', NULL, '[\"apa_v_mp_h_07_c\"]', 'MiltonDrive', 0, 1, 0, '{\"x\":-795.545,\"y\":326.659,\"z\":186.313}', 1300000),
(33, 'Regal3Apartment', 'Regal Apartment 3', NULL, '{\"x\":-774.012,\"y\":342.042,\"z\":195.686}', '{\"x\":-779.057,\"y\":342.063,\"z\":195.686}', NULL, '[\"apa_v_mp_h_07_b\"]', 'MiltonDrive', 0, 1, 0, '{\"x\":-765.087,\"y\":331.429,\"z\":195.123}', 1300000),
(34, 'Aqua1Apartment', 'Aqua Apartment 1', NULL, '{\"x\":-784.194,\"y\":323.636,\"z\":210.997}', '{\"x\":-779.751,\"y\":323.385,\"z\":210.997}', NULL, '[\"apa_v_mp_h_08_a\"]', 'MiltonDrive', 0, 1, 0, '{\"x\":-766.187,\"y\":328.47,\"z\":210.396}', 1300000),
(35, 'Aqua2Apartment', 'Aqua Apartment 2', NULL, '{\"x\":-786.8663,\"y\":315.764,\"z\":186.913}', '{\"x\":-781.808,\"y\":315.866,\"z\":186.913}', NULL, '[\"apa_v_mp_h_08_c\"]', 'MiltonDrive', 0, 1, 0, '{\"x\":-795.658,\"y\":326.563,\"z\":186.313}', 1300000),
(36, 'Aqua3Apartment', 'Aqua Apartment 3', NULL, '{\"x\":-774.012,\"y\":342.042,\"z\":195.686}', '{\"x\":-779.057,\"y\":342.063,\"z\":195.686}', NULL, '[\"apa_v_mp_h_08_b\"]', 'MiltonDrive', 0, 1, 0, '{\"x\":-765.287,\"y\":331.084,\"z\":195.086}', 1300000),
(37, 'IntegrityWay', '4 Integrity Way', '{\"x\":-47.804,\"y\":-585.867,\"z\":36.956}', NULL, NULL, '{\"x\":-54.178,\"y\":-583.762,\"z\":35.798}', '[]', NULL, 0, 0, 1, NULL, 0),
(38, 'IntegrityWay28', '4 Integrity Way - Apt 28', NULL, '{\"x\":-31.409,\"y\":-594.927,\"z\":79.03}', '{\"x\":-26.098,\"y\":-596.909,\"z\":79.03}', NULL, '[]', 'IntegrityWay', 0, 1, 0, '{\"x\":-11.923,\"y\":-597.083,\"z\":78.43}', 1700000),
(39, 'IntegrityWay30', '4 Integrity Way - Apt 30', NULL, '{\"x\":-17.702,\"y\":-588.524,\"z\":89.114}', '{\"x\":-16.21,\"y\":-582.569,\"z\":89.114}', NULL, '[]', 'IntegrityWay', 0, 1, 0, '{\"x\":-26.327,\"y\":-588.384,\"z\":89.123}', 1700000),
(40, 'DellPerroHeights', 'Dell Perro Heights', '{\"x\":-1447.06,\"y\":-538.28,\"z\":33.74}', NULL, NULL, '{\"x\":-1440.022,\"y\":-548.696,\"z\":33.74}', '[]', NULL, 0, 0, 1, NULL, 0),
(41, 'DellPerroHeightst4', 'Dell Perro Heights - Apt 28', NULL, '{\"x\":-1452.125,\"y\":-540.591,\"z\":73.044}', '{\"x\":-1455.435,\"y\":-535.79,\"z\":73.044}', NULL, '[]', 'DellPerroHeights', 0, 1, 0, '{\"x\":-1467.058,\"y\":-527.571,\"z\":72.443}', 1700000),
(42, 'DellPerroHeightst7', 'Dell Perro Heights - Apt 30', NULL, '{\"x\":-1451.562,\"y\":-523.535,\"z\":55.928}', '{\"x\":-1456.02,\"y\":-519.209,\"z\":55.929}', NULL, '[]', 'DellPerroHeights', 0, 1, 0, '{\"x\":-1457.026,\"y\":-530.219,\"z\":55.937}', 1700000),
(43, 'MazeBankBuilding', 'Maze Bank Building', '{\"x\":-79.18,\"y\":-795.92,\"z\":43.35}', NULL, NULL, '{\"x\":-72.50,\"y\":-786.92,\"z\":43.40}', '[]', NULL, 0, 0, 1, NULL, 0),
(44, 'OldSpiceWarm', 'Old Spice Warm', NULL, '{\"x\":-75.69,\"y\":-827.08,\"z\":242.43}', '{\"x\":-75.51,\"y\":-823.90,\"z\":242.43}', NULL, '[\"ex_dt1_11_office_01a\"]', 'MazeBankBuilding', 0, 1, 0, '{\"x\":-71.81,\"y\":-814.34,\"z\":242.39}', 5000000),
(45, 'OldSpiceClassical', 'Old Spice Classical', NULL, '{\"x\":-75.69,\"y\":-827.08,\"z\":242.43}', '{\"x\":-75.51,\"y\":-823.90,\"z\":242.43}', NULL, '[\"ex_dt1_11_office_01b\"]', 'MazeBankBuilding', 0, 1, 0, '{\"x\":-71.81,\"y\":-814.34,\"z\":242.39}', 5000000),
(46, 'OldSpiceVintage', 'Old Spice Vintage', NULL, '{\"x\":-75.69,\"y\":-827.08,\"z\":242.43}', '{\"x\":-75.51,\"y\":-823.90,\"z\":242.43}', NULL, '[\"ex_dt1_11_office_01c\"]', 'MazeBankBuilding', 0, 1, 0, '{\"x\":-71.81,\"y\":-814.34,\"z\":242.39}', 5000000),
(47, 'ExecutiveRich', 'Executive Rich', NULL, '{\"x\":-75.69,\"y\":-827.08,\"z\":242.43}', '{\"x\":-75.51,\"y\":-823.90,\"z\":242.43}', NULL, '[\"ex_dt1_11_office_02b\"]', 'MazeBankBuilding', 0, 1, 0, '{\"x\":-71.81,\"y\":-814.34,\"z\":242.39}', 5000000),
(48, 'ExecutiveCool', 'Executive Cool', NULL, '{\"x\":-75.69,\"y\":-827.08,\"z\":242.43}', '{\"x\":-75.51,\"y\":-823.90,\"z\":242.43}', NULL, '[\"ex_dt1_11_office_02c\"]', 'MazeBankBuilding', 0, 1, 0, '{\"x\":-71.81,\"y\":-814.34,\"z\":242.39}', 5000000),
(49, 'ExecutiveContrast', 'Executive Contrast', NULL, '{\"x\":-75.69,\"y\":-827.08,\"z\":242.43}', '{\"x\":-75.51,\"y\":-823.90,\"z\":242.43}', NULL, '[\"ex_dt1_11_office_02a\"]', 'MazeBankBuilding', 0, 1, 0, '{\"x\":-71.81,\"y\":-814.34,\"z\":242.39}', 5000000),
(50, 'PowerBrokerIce', 'Power Broker Ice', NULL, '{\"x\":-75.69,\"y\":-827.08,\"z\":242.43}', '{\"x\":-75.51,\"y\":-823.90,\"z\":242.43}', NULL, '[\"ex_dt1_11_office_03a\"]', 'MazeBankBuilding', 0, 1, 0, '{\"x\":-71.81,\"y\":-814.34,\"z\":242.39}', 5000000),
(51, 'PowerBrokerConservative', 'Power Broker Conservative', NULL, '{\"x\":-75.69,\"y\":-827.08,\"z\":242.43}', '{\"x\":-75.51,\"y\":-823.90,\"z\":242.43}', NULL, '[\"ex_dt1_11_office_03b\"]', 'MazeBankBuilding', 0, 1, 0, '{\"x\":-71.81,\"y\":-814.34,\"z\":242.39}', 5000000),
(52, 'PowerBrokerPolished', 'Power Broker Polished', NULL, '{\"x\":-75.69,\"y\":-827.08,\"z\":242.43}', '{\"x\":-75.51,\"y\":-823.90,\"z\":242.43}', NULL, '[\"ex_dt1_11_office_03c\"]', 'MazeBankBuilding', 0, 1, 0, '{\"x\":-71.81,\"y\":-814.34,\"z\":242.39}', 5000000),
(53, 'LomBank', 'Lom Bank', '{\"x\":-1581.36,\"y\":-558.23,\"z\":34.07}', NULL, NULL, '{\"x\":-1583.60,\"y\":-555.12,\"z\":34.07}', '[]', NULL, 0, 0, 1, NULL, 0),
(54, 'LBOldSpiceWarm', 'LB Old Spice Warm', NULL, '{\"x\":-1579.53,\"y\":-564.89,\"z\":107.62}', '{\"x\":-1576.42,\"y\":-567.57,\"z\":107.62}', NULL, '[\"ex_sm_13_office_01a\"]', 'LomBank', 0, 1, 0, '{\"x\":-1571.26,\"y\":-575.76,\"z\":107.52}', 3500000),
(55, 'LBOldSpiceClassical', 'LB Old Spice Classical', NULL, '{\"x\":-1579.53,\"y\":-564.89,\"z\":107.62}', '{\"x\":-1576.42,\"y\":-567.57,\"z\":107.62}', NULL, '[\"ex_sm_13_office_01b\"]', 'LomBank', 0, 1, 0, '{\"x\":-1571.26,\"y\":-575.76,\"z\":107.52}', 3500000),
(56, 'LBOldSpiceVintage', 'LB Old Spice Vintage', NULL, '{\"x\":-1579.53,\"y\":-564.89,\"z\":107.62}', '{\"x\":-1576.42,\"y\":-567.57,\"z\":107.62}', NULL, '[\"ex_sm_13_office_01c\"]', 'LomBank', 0, 1, 0, '{\"x\":-1571.26,\"y\":-575.76,\"z\":107.52}', 3500000),
(57, 'LBExecutiveRich', 'LB Executive Rich', NULL, '{\"x\":-1579.53,\"y\":-564.89,\"z\":107.62}', '{\"x\":-1576.42,\"y\":-567.57,\"z\":107.62}', NULL, '[\"ex_sm_13_office_02b\"]', 'LomBank', 0, 1, 0, '{\"x\":-1571.26,\"y\":-575.76,\"z\":107.52}', 3500000),
(58, 'LBExecutiveCool', 'LB Executive Cool', NULL, '{\"x\":-1579.53,\"y\":-564.89,\"z\":107.62}', '{\"x\":-1576.42,\"y\":-567.57,\"z\":107.62}', NULL, '[\"ex_sm_13_office_02c\"]', 'LomBank', 0, 1, 0, '{\"x\":-1571.26,\"y\":-575.76,\"z\":107.52}', 3500000),
(59, 'LBExecutiveContrast', 'LB Executive Contrast', NULL, '{\"x\":-1579.53,\"y\":-564.89,\"z\":107.62}', '{\"x\":-1576.42,\"y\":-567.57,\"z\":107.62}', NULL, '[\"ex_sm_13_office_02a\"]', 'LomBank', 0, 1, 0, '{\"x\":-1571.26,\"y\":-575.76,\"z\":107.52}', 3500000),
(60, 'LBPowerBrokerIce', 'LB Power Broker Ice', NULL, '{\"x\":-1579.53,\"y\":-564.89,\"z\":107.62}', '{\"x\":-1576.42,\"y\":-567.57,\"z\":107.62}', NULL, '[\"ex_sm_13_office_03a\"]', 'LomBank', 0, 1, 0, '{\"x\":-1571.26,\"y\":-575.76,\"z\":107.52}', 3500000),
(61, 'LBPowerBrokerConservative', 'LB Power Broker Conservative', NULL, '{\"x\":-1579.53,\"y\":-564.89,\"z\":107.62}', '{\"x\":-1576.42,\"y\":-567.57,\"z\":107.62}', NULL, '[\"ex_sm_13_office_03b\"]', 'LomBank', 0, 1, 0, '{\"x\":-1571.26,\"y\":-575.76,\"z\":107.52}', 3500000),
(62, 'LBPowerBrokerPolished', 'LB Power Broker Polished', NULL, '{\"x\":-1579.53,\"y\":-564.89,\"z\":107.62}', '{\"x\":-1576.42,\"y\":-567.57,\"z\":107.62}', NULL, '[\"ex_sm_13_office_03c\"]', 'LomBank', 0, 1, 0, '{\"x\":-1571.26,\"y\":-575.76,\"z\":107.52}', 3500000),
(63, 'MazeBankWest', 'Maze Bank West', '{\"x\":-1379.58,\"y\":-499.63,\"z\":32.22}', NULL, NULL, '{\"x\":-1378.95,\"y\":-502.82,\"z\":32.22}', '[]', NULL, 0, 0, 1, NULL, 0),
(64, 'MBWOldSpiceWarm', 'MBW Old Spice Warm', NULL, '{\"x\":-1392.74,\"y\":-480.18,\"z\":71.14}', '{\"x\":-1389.43,\"y\":-479.01,\"z\":71.14}', NULL, '[\"ex_sm_15_office_01a\"]', 'MazeBankWest', 0, 1, 0, '{\"x\":-1390.76,\"y\":-479.22,\"z\":72.04}', 2700000),
(65, 'MBWOldSpiceClassical', 'MBW Old Spice Classical', NULL, '{\"x\":-1392.74,\"y\":-480.18,\"z\":71.14}', '{\"x\":-1389.43,\"y\":-479.01,\"z\":71.14}', NULL, '[\"ex_sm_15_office_01b\"]', 'MazeBankWest', 0, 1, 0, '{\"x\":-1390.76,\"y\":-479.22,\"z\":72.04}', 2700000),
(66, 'MBWOldSpiceVintage', 'MBW Old Spice Vintage', NULL, '{\"x\":-1392.74,\"y\":-480.18,\"z\":71.14}', '{\"x\":-1389.43,\"y\":-479.01,\"z\":71.14}', NULL, '[\"ex_sm_15_office_01c\"]', 'MazeBankWest', 0, 1, 0, '{\"x\":-1390.76,\"y\":-479.22,\"z\":72.04}', 2700000),
(67, 'MBWExecutiveRich', 'MBW Executive Rich', NULL, '{\"x\":-1392.74,\"y\":-480.18,\"z\":71.14}', '{\"x\":-1389.43,\"y\":-479.01,\"z\":71.14}', NULL, '[\"ex_sm_15_office_02b\"]', 'MazeBankWest', 0, 1, 0, '{\"x\":-1390.76,\"y\":-479.22,\"z\":72.04}', 2700000),
(68, 'MBWExecutiveCool', 'MBW Executive Cool', NULL, '{\"x\":-1392.74,\"y\":-480.18,\"z\":71.14}', '{\"x\":-1389.43,\"y\":-479.01,\"z\":71.14}', NULL, '[\"ex_sm_15_office_02c\"]', 'MazeBankWest', 0, 1, 0, '{\"x\":-1390.76,\"y\":-479.22,\"z\":72.04}', 2700000),
(69, 'MBWExecutive Contrast', 'MBW Executive Contrast', NULL, '{\"x\":-1392.74,\"y\":-480.18,\"z\":71.14}', '{\"x\":-1389.43,\"y\":-479.01,\"z\":71.14}', NULL, '[\"ex_sm_15_office_02a\"]', 'MazeBankWest', 0, 1, 0, '{\"x\":-1390.76,\"y\":-479.22,\"z\":72.04}', 2700000),
(70, 'MBWPowerBrokerIce', 'MBW Power Broker Ice', NULL, '{\"x\":-1392.74,\"y\":-480.18,\"z\":71.14}', '{\"x\":-1389.43,\"y\":-479.01,\"z\":71.14}', NULL, '[\"ex_sm_15_office_03a\"]', 'MazeBankWest', 0, 1, 0, '{\"x\":-1390.76,\"y\":-479.22,\"z\":72.04}', 2700000),
(71, 'MBWPowerBrokerConvservative', 'MBW Power Broker Convservative', NULL, '{\"x\":-1392.74,\"y\":-480.18,\"z\":71.14}', '{\"x\":-1389.43,\"y\":-479.01,\"z\":71.14}', NULL, '[\"ex_sm_15_office_03b\"]', 'MazeBankWest', 0, 1, 0, '{\"x\":-1390.76,\"y\":-479.22,\"z\":72.04}', 2700000),
(72, 'MBWPowerBrokerPolished', 'MBW Power Broker Polished', NULL, '{\"x\":-1392.74,\"y\":-480.18,\"z\":71.14}', '{\"x\":-1389.43,\"y\":-479.01,\"z\":71.14}', NULL, '[\"ex_sm_15_office_03c\"]', 'MazeBankWest', 0, 1, 0, '{\"x\":-1390.76,\"y\":-479.22,\"z\":72.04}', 2700000);

-- --------------------------------------------------------

--
-- Table structure for table `rented_vehicles`
--

CREATE TABLE `rented_vehicles` (
  `vehicle` varchar(60) NOT NULL,
  `plate` varchar(12) NOT NULL,
  `player_name` varchar(255) NOT NULL,
  `base_price` int(11) NOT NULL,
  `rent_price` int(11) NOT NULL,
  `owner` varchar(22) NOT NULL
) ENGINE=InnoDB DEFAULT CHARSET=latin1;

-- --------------------------------------------------------

--
-- Table structure for table `shops`
--

CREATE TABLE `shops` (
  `id` int(11) NOT NULL,
  `store` varchar(100) NOT NULL,
  `item` varchar(100) NOT NULL,
  `price` int(11) NOT NULL
) ENGINE=InnoDB DEFAULT CHARSET=utf8;

--
-- Dumping data for table `shops`
--

INSERT INTO `shops` (`id`, `store`, `item`, `price`) VALUES
(1, 'TwentyFourSeven', 'bread', 30),
(2, 'TwentyFourSeven', 'water', 15),
(3, 'RobsLiquor', 'bread', 30),
(4, 'RobsLiquor', 'water', 15),
(5, 'LTDgasoline', 'bread', 30),
(6, 'LTDgasoline', 'water', 15);

-- --------------------------------------------------------

--
-- Table structure for table `society_moneywash`
--

CREATE TABLE `society_moneywash` (
  `id` int(11) NOT NULL,
  `identifier` varchar(60) NOT NULL,
  `society` varchar(60) NOT NULL,
  `amount` int(11) NOT NULL
) ENGINE=InnoDB DEFAULT CHARSET=latin1;

-- --------------------------------------------------------

--
-- Table structure for table `users`
--

CREATE TABLE `users` (
  `identifier` varchar(50) COLLATE utf8mb4_bin NOT NULL,
  `license` varchar(50) COLLATE utf8mb4_bin DEFAULT NULL,
  `money` int(11) DEFAULT NULL,
  `name` varchar(50) COLLATE utf8mb4_bin DEFAULT '',
  `skin` longtext COLLATE utf8mb4_bin,
  `job` varchar(50) COLLATE utf8mb4_bin DEFAULT 'unemployed',
  `job_grade` int(11) DEFAULT '0',
  `loadout` longtext COLLATE utf8mb4_bin,
  `position` varchar(36) COLLATE utf8mb4_bin DEFAULT NULL,
  `bank` int(11) DEFAULT NULL,
  `permission_level` int(11) DEFAULT NULL,
  `group` varchar(50) COLLATE utf8mb4_bin DEFAULT NULL,
  `firstname` varchar(50) COLLATE utf8mb4_bin DEFAULT '',
  `lastname` varchar(50) COLLATE utf8mb4_bin DEFAULT '',
  `dateofbirth` varchar(25) COLLATE utf8mb4_bin DEFAULT '',
  `sex` varchar(10) COLLATE utf8mb4_bin DEFAULT '',
  `height` varchar(5) COLLATE utf8mb4_bin DEFAULT '',
  `phone_number` int(11) DEFAULT NULL,
  `status` longtext COLLATE utf8mb4_bin,
  `last_property` varchar(255) COLLATE utf8mb4_bin DEFAULT NULL,
  `is_dead` tinyint(1) DEFAULT '0'
) ENGINE=InnoDB DEFAULT CHARSET=utf8mb4 COLLATE=utf8mb4_bin;

--
-- Dumping data for table `users`
--

INSERT INTO `users` (`identifier`, `license`, `money`, `name`, `skin`, `job`, `job_grade`, `loadout`, `position`, `bank`, `permission_level`, `group`, `firstname`, `lastname`, `dateofbirth`, `sex`, `height`, `phone_number`, `status`, `last_property`, `is_dead`) VALUES
('Char1:110000101917bfc', 'license:e7cc54e91286c71295c599b6dc9909bbd6cb4b4f', 180, 'Phoenix', '{\"hair_1\":3,\"hair_color_1\":0,\"makeup_4\":0,\"ears_1\":-1,\"pants_2\":0,\"arms\":85,\"lipstick_1\":0,\"decals_2\":1,\"sex\":0,\"moles_1\":0,\"mask_1\":0,\"beard_3\":0,\"moles_2\":0,\"helmet_2\":0,\"bproof_1\":0,\"lipstick_3\":0,\"makeup_3\":0,\"complexion_1\":0,\"chest_1\":0,\"bodyb_1\":0,\"makeup_2\":0,\"arms_2\":0,\"age_1\":0,\"eyebrows_2\":10,\"tshirt_1\":129,\"age_2\":0,\"sun_2\":0,\"torso_2\":0,\"beard_2\":10,\"eyebrows_4\":0,\"bproof_2\":0,\"lipstick_2\":0,\"blush_3\":0,\"glasses_2\":3,\"bodyb_2\":0,\"tshirt_2\":0,\"decals_1\":58,\"mask_2\":0,\"bags_1\":0,\"sun_1\":0,\"chest_3\":0,\"complexion_2\":0,\"shoes_2\":0,\"makeup_1\":0,\"chain_2\":0,\"glasses_1\":4,\"shoes\":9,\"bags_2\":0,\"hair_2\":0,\"eye_color\":0,\"blemishes_2\":0,\"bracelets_2\":0,\"watches_1\":-1,\"skin\":0,\"blush_2\":0,\"ears_2\":0,\"hair_color_2\":0,\"shoes_1\":25,\"eyebrows_1\":10,\"beard_4\":0,\"pants_1\":96,\"lipstick_4\":0,\"face\":0,\"torso_1\":250,\"eyebrows_3\":0,\"beard_1\":10,\"watches_2\":0,\"helmet_1\":-1,\"bracelets_1\":-1,\"blush_1\":0,\"chest_2\":0,\"chain_1\":126,\"blemishes_1\":0}', 'ambulance', 3, '[]', '{\"x\":230.8,\"z\":39.5,\"y\":-1367.5}', 47523, 0, 'user', 'Adam', 'Cromwell', '1992-06-16', 'm', '170', 92067, '[{\"percent\":69.09,\"val\":690900,\"name\":\"hunger\"},{\"percent\":59.3175,\"val\":593175,\"name\":\"thirst\"},{\"percent\":0.0,\"val\":0,\"name\":\"drunk\"}]', NULL, 0),
('Char1:110000108be35c6', 'license:e6169008c49b70b62b3bc9fdf9cb3020b9fd25fd', 52406, 'xxhollywood54xx', '{\"lipstick_2\":0,\"lipstick_4\":0,\"arms_2\":0,\"tshirt_1\":74,\"ears_1\":-1,\"pants_2\":0,\"makeup_3\":0,\"lipstick_3\":0,\"lipstick_1\":0,\"hair_2\":0,\"glasses_1\":0,\"bags_1\":0,\"torso_1\":86,\"bproof_1\":0,\"beard_4\":0,\"moles_1\":0,\"hair_color_1\":3,\"age_2\":0,\"blush_1\":0,\"bracelets_1\":-1,\"chest_2\":0,\"eyebrows_2\":0,\"watches_1\":-1,\"shoes_1\":12,\"hair_1\":13,\"eyebrows_1\":0,\"bproof_2\":0,\"eye_color\":0,\"complexion_2\":0,\"makeup_4\":0,\"eyebrows_4\":0,\"blush_2\":0,\"eyebrows_3\":0,\"blush_3\":0,\"sex\":0,\"skin\":0,\"makeup_2\":0,\"decals_1\":0,\"moles_2\":0,\"makeup_1\":0,\"face\":0,\"bags_2\":0,\"chain_2\":0,\"helmet_1\":-1,\"glasses_2\":0,\"hair_color_2\":0,\"bodyb_1\":0,\"decals_2\":0,\"age_1\":0,\"shoes_2\":0,\"sun_2\":0,\"bracelets_2\":0,\"pants_1\":1,\"beard_1\":0,\"complexion_1\":0,\"beard_3\":0,\"bodyb_2\":0,\"sun_1\":0,\"chest_1\":0,\"mask_2\":0,\"helmet_2\":0,\"chest_3\":0,\"blemishes_1\":0,\"watches_2\":0,\"beard_2\":0,\"blemishes_2\":0,\"torso_2\":0,\"arms\":0,\"ears_2\":0,\"chain_1\":0,\"mask_1\":0,\"tshirt_2\":0}', 'mechanic', 4, '[]', '{\"y\":-911.6,\"z\":8.4,\"x\":-1660.5}', 98968, 11, 'admin', 'Steve', 'Wilson ', '1989-06-01', 'm', '189', 66392, '[{\"name\":\"hunger\",\"percent\":46.86,\"val\":468600},{\"name\":\"thirst\",\"percent\":57.645,\"val\":576450},{\"name\":\"drunk\",\"percent\":0.0,\"val\":0}]', NULL, 0),
('Char1:11000010cfa434a', 'license:7b4839a43df80af9f2a5e33d975e93bf4d1eb054', 10000, 'Filipe10MC', '{\"glasses_2\":1,\"bracelets_1\":-1,\"lipstick_1\":0,\"decals_1\":0,\"face\":0,\"sex\":0,\"helmet_1\":-1,\"bags_1\":0,\"chest_1\":0,\"sun_2\":0,\"arms\":31,\"blush_3\":0,\"lipstick_4\":0,\"bags_2\":0,\"blemishes_1\":0,\"lipstick_3\":0,\"complexion_2\":0,\"age_2\":0,\"pants_1\":4,\"makeup_1\":0,\"mask_2\":0,\"makeup_4\":0,\"beard_1\":10,\"hair_1\":19,\"shoes_1\":57,\"helmet_2\":0,\"hair_2\":0,\"watches_1\":-1,\"hair_color_2\":0,\"moles_1\":0,\"bracelets_2\":0,\"beard_2\":10,\"shoes_2\":9,\"pants_2\":0,\"chest_2\":0,\"mask_1\":0,\"skin\":0,\"makeup_2\":0,\"eye_color\":0,\"eyebrows_1\":0,\"chain_1\":0,\"chest_3\":0,\"eyebrows_2\":10,\"chain_2\":0,\"eyebrows_4\":0,\"complexion_1\":0,\"eyebrows_3\":8,\"torso_1\":58,\"glasses_1\":5,\"moles_2\":0,\"blush_1\":0,\"hair_color_1\":8,\"makeup_3\":0,\"ears_2\":0,\"beard_4\":0,\"blemishes_2\":0,\"tshirt_1\":3,\"bproof_2\":0,\"arms_2\":0,\"tshirt_2\":0,\"watches_2\":0,\"bodyb_2\":0,\"bproof_1\":0,\"torso_2\":0,\"lipstick_2\":0,\"beard_3\":8,\"sun_1\":0,\"blush_2\":0,\"ears_1\":-1,\"bodyb_1\":0,\"age_1\":0,\"decals_2\":0}', 'unemployed', 0, '[]', '{\"z\":130.1,\"y\":723.0,\"x\":-1870.4}', 10210, 0, 'user', 'Filipe', 'Macovski', '1999-06-16', 'm', '189', 21401, '[{\"name\":\"hunger\",\"percent\":88.05,\"val\":880500},{\"name\":\"thirst\",\"percent\":91.0375,\"val\":910375},{\"name\":\"drunk\",\"percent\":0.0,\"val\":0}]', NULL, 1),
('Char1:1100001139f4e45', 'license:90043c505d63d9f38dc163659d367697186d4926', 20000, 'holthomas', NULL, 'unemployed', 0, '[]', '{\"x\":195.5,\"y\":-933.4,\"z\":30.7}', 0, 0, 'user', '', '', '', '', '', 45175, '[{\"name\":\"drug\",\"percent\":0.0,\"val\":0}]', NULL, 0),
('Char1:110000116adf2be', 'license:f5f3d82a2011655ddd894fbbe3ee96f43c06c6c9', 10000, 'alcalaluis23', '{\"watches_1\":-1,\"makeup_1\":0,\"makeup_4\":0,\"chain_2\":0,\"bproof_2\":0,\"eyebrows_3\":0,\"beard_1\":0,\"eyebrows_2\":10,\"moles_1\":0,\"hair_color_1\":19,\"pants_1\":0,\"hair_color_2\":0,\"bracelets_2\":0,\"makeup_3\":0,\"shoes_2\":2,\"bags_1\":0,\"ears_2\":0,\"complexion_1\":0,\"lipstick_2\":0,\"tshirt_1\":0,\"hair_1\":43,\"glasses_1\":0,\"helmet_1\":-1,\"beard_3\":0,\"mask_2\":0,\"hair_2\":0,\"eye_color\":5,\"eyebrows_4\":0,\"lipstick_1\":0,\"decals_2\":0,\"blush_2\":0,\"ears_1\":-1,\"torso_1\":0,\"sun_2\":0,\"tshirt_2\":0,\"blemishes_1\":0,\"eyebrows_1\":21,\"chest_2\":0,\"beard_4\":0,\"bags_2\":0,\"blemishes_2\":0,\"chest_1\":0,\"lipstick_3\":0,\"helmet_2\":0,\"mask_1\":0,\"watches_2\":0,\"bodyb_1\":0,\"blush_3\":3,\"beard_2\":0,\"shoes_1\":1,\"age_1\":0,\"arms_2\":0,\"age_2\":0,\"pants_2\":7,\"bodyb_2\":0,\"sun_1\":0,\"glasses_2\":0,\"chest_3\":0,\"sex\":0,\"makeup_2\":0,\"complexion_2\":0,\"bracelets_1\":-1,\"blush_1\":0,\"arms\":0,\"face\":20,\"skin\":41,\"bproof_1\":0,\"chain_1\":0,\"decals_1\":0,\"torso_2\":0,\"moles_2\":0,\"lipstick_4\":0}', 'taxi', 0, '[]', '{\"y\":-1108.9,\"x\":-59.1,\"z\":26.4}', 10210, 0, 'user', 'Lex', 'Hex', '1992-10-20', 'm', '175', 62536, '[{\"name\":\"hunger\",\"percent\":86.82,\"val\":868200},{\"name\":\"thirst\",\"percent\":90.115,\"val\":901150},{\"name\":\"drunk\",\"percent\":0.0,\"val\":0}]', NULL, 0),
('Char2:110000100a8294c', 'license:03f0a7467c59bf2bb95c5f1f250e88a4ced62d05', 15447, 'Highline', '{\"tshirt_2\":1,\"helmet_1\":-1,\"lipstick_4\":0,\"eyebrows_4\":0,\"watches_2\":0,\"bracelets_2\":0,\"blush_3\":0,\"eyebrows_2\":0,\"skin\":4,\"glasses_2\":0,\"helmet_2\":0,\"face\":8,\"moles_2\":0,\"hair_color_1\":0,\"makeup_4\":0,\"decals_1\":1,\"complexion_2\":0,\"chest_3\":0,\"bproof_2\":0,\"shoes_1\":1,\"blemishes_2\":0,\"ears_1\":-1,\"torso_1\":4,\"arms_2\":0,\"beard_3\":0,\"mask_2\":0,\"complexion_1\":0,\"blemishes_1\":0,\"chest_2\":0,\"glasses_1\":0,\"hair_color_2\":0,\"sun_2\":0,\"makeup_2\":0,\"bodyb_1\":0,\"eyebrows_1\":0,\"chest_1\":0,\"eyebrows_3\":0,\"bracelets_1\":-1,\"arms\":0,\"decals_2\":0,\"mask_1\":0,\"makeup_1\":0,\"age_2\":0,\"hair_1\":10,\"shoes_2\":0,\"watches_1\":-1,\"bodyb_2\":0,\"sex\":0,\"bags_1\":0,\"beard_4\":0,\"age_1\":0,\"makeup_3\":0,\"torso_2\":3,\"blush_1\":0,\"tshirt_1\":0,\"chain_2\":0,\"blush_2\":0,\"beard_2\":0,\"chain_1\":0,\"eye_color\":0,\"sun_1\":0,\"lipstick_2\":0,\"bags_2\":0,\"ears_2\":0,\"pants_1\":0,\"lipstick_3\":0,\"beard_1\":0,\"lipstick_1\":0,\"pants_2\":0,\"hair_2\":1,\"moles_1\":0,\"bproof_1\":0}', 'ambulance', 3, '[]', '{\"x\":268.1,\"y\":-1362.9,\"z\":24.5}', 20410, 11, 'superadmin', 'Sam', 'Strong', '1975-02-13', 'm', '179', 28808, '[{\"val\":827400,\"percent\":82.74,\"name\":\"hunger\"},{\"val\":870550,\"percent\":87.055,\"name\":\"thirst\"},{\"val\":0,\"percent\":0.0,\"name\":\"drunk\"}]', NULL, 0),
('Char3:110000100a8294c', 'license:03f0a7467c59bf2bb95c5f1f250e88a4ced62d05', 8402, 'Highline', '{\"watches_1\":-1,\"eyebrows_4\":0,\"beard_1\":11,\"makeup_3\":0,\"lipstick_1\":0,\"glasses_2\":0,\"beard_2\":10,\"bodyb_2\":0,\"hair_color_1\":29,\"makeup_4\":0,\"decals_1\":0,\"chest_2\":0,\"moles_1\":0,\"chest_1\":0,\"sun_1\":1,\"lipstick_2\":0,\"bags_2\":0,\"eyebrows_2\":0,\"watches_2\":0,\"skin\":10,\"sun_2\":0,\"bproof_1\":0,\"beard_4\":0,\"lipstick_3\":0,\"eyebrows_1\":0,\"mask_2\":0,\"shoes_2\":0,\"hair_2\":5,\"tshirt_1\":46,\"hair_color_2\":16,\"lipstick_4\":0,\"chain_1\":0,\"beard_3\":0,\"bproof_2\":0,\"decals_2\":0,\"sex\":0,\"ears_2\":0,\"face\":16,\"pants_2\":7,\"arms\":11,\"complexion_2\":6,\"torso_1\":43,\"blush_2\":0,\"blush_3\":0,\"glasses_1\":0,\"makeup_1\":0,\"chest_3\":0,\"mask_1\":0,\"shoes_1\":27,\"arms_2\":0,\"bodyb_1\":0,\"blemishes_1\":0,\"eye_color\":0,\"moles_2\":0,\"bracelets_2\":0,\"eyebrows_3\":0,\"ears_1\":-1,\"bags_1\":0,\"complexion_1\":3,\"makeup_2\":0,\"age_2\":10,\"blush_1\":0,\"tshirt_2\":0,\"bracelets_1\":-1,\"torso_2\":0,\"pants_1\":9,\"blemishes_2\":0,\"age_1\":9,\"hair_1\":10,\"helmet_2\":0,\"chain_2\":0,\"helmet_1\":-1}', 'mechanic', 0, '[]', '{\"y\":-124.0,\"z\":39.0,\"x\":-343.3}', 10316, 0, 'user', 'Reginald', 'Perrin', '1945/04/10', 'm', '170', 23625, '[{\"percent\":70.19,\"val\":701900,\"name\":\"hunger\"},{\"percent\":77.6425,\"val\":776425,\"name\":\"thirst\"},{\"percent\":0.0,\"val\":0,\"name\":\"drunk\"}]', NULL, 0),
('Char3:110000108be35c6', 'license:e6169008c49b70b62b3bc9fdf9cb3020b9fd25fd', 10000, 'xxhollywood54xx', '{\"watches_2\":0,\"moles_2\":0,\"bracelets_2\":0,\"blemishes_1\":0,\"blemishes_2\":0,\"moles_1\":0,\"mask_2\":0,\"bags_1\":0,\"watches_1\":-1,\"bodyb_2\":0,\"age_2\":0,\"complexion_2\":0,\"mask_1\":0,\"chain_2\":0,\"lipstick_2\":0,\"bracelets_1\":-1,\"ears_1\":-1,\"makeup_4\":0,\"sun_2\":0,\"ears_2\":0,\"face\":0,\"blush_1\":0,\"beard_4\":0,\"shoes_1\":12,\"eyebrows_1\":0,\"helmet_2\":0,\"tshirt_2\":0,\"blush_2\":0,\"eyebrows_3\":0,\"hair_1\":13,\"hair_color_1\":4,\"age_1\":0,\"lipstick_1\":0,\"chest_2\":0,\"bproof_1\":0,\"eyebrows_4\":0,\"pants_1\":1,\"bodyb_1\":0,\"torso_1\":86,\"pants_2\":0,\"bags_2\":0,\"bproof_2\":0,\"hair_color_2\":0,\"beard_2\":0,\"glasses_1\":0,\"helmet_1\":-1,\"sun_1\":0,\"hair_2\":0,\"decals_1\":0,\"lipstick_4\":0,\"glasses_2\":0,\"chest_1\":0,\"beard_3\":0,\"complexion_1\":0,\"chain_1\":0,\"eye_color\":0,\"torso_2\":0,\"makeup_2\":0,\"chest_3\":0,\"makeup_3\":0,\"tshirt_1\":15,\"eyebrows_2\":0,\"sex\":0,\"arms_2\":0,\"shoes_2\":0,\"arms\":4,\"skin\":0,\"decals_2\":0,\"lipstick_3\":0,\"makeup_1\":0,\"blush_3\":0,\"beard_1\":0}', 'mechanic', 4, '[]', '{\"y\":-131.2,\"z\":39.0,\"x\":-324.8}', 10070, 0, 'user', 'Steve', 'Wilson', '1989/06/01', 'm', '155', 53934, '[{\"name\":\"hunger\",\"percent\":83.87,\"val\":838700},{\"name\":\"thirst\",\"percent\":87.9025,\"val\":879025},{\"name\":\"drunk\",\"percent\":0.0,\"val\":0}]', NULL, 0),
('steam:1100001004697cf', 'license:7b6a1e623be35e2e7af00d1afa498a343e0ca703', 10000, 'Nilm', NULL, 'unemployed', 0, '[]', '{\"z\":30.7,\"y\":-933.4,\"x\":195.5}', 10000, 0, 'user', '', '', '', '', '', 26888, '[{\"percent\":99.41,\"val\":994100,\"name\":\"hunger\"},{\"percent\":99.5575,\"val\":995575,\"name\":\"thirst\"},{\"percent\":0.0,\"val\":0,\"name\":\"drunk\"}]', NULL, 0),
('steam:110000100a8294c', 'license:03f0a7467c59bf2bb95c5f1f250e88a4ced62d05', 835865, 'Highline', '{\"beard_3\":0,\"helmet_1\":10,\"blush_1\":0,\"makeup_1\":0,\"moles_2\":0,\"eye_color\":0,\"decals_1\":0,\"blush_3\":0,\"lipstick_3\":0,\"bproof_1\":0,\"bproof_2\":0,\"moles_1\":0,\"watches_2\":0,\"lipstick_2\":0,\"age_1\":0,\"eyebrows_4\":0,\"makeup_3\":0,\"ears_2\":0,\"sex\":0,\"tshirt_2\":0,\"pants_2\":0,\"sun_2\":0,\"beard_1\":10,\"bracelets_2\":0,\"lipstick_4\":0,\"chest_3\":0,\"beard_4\":1,\"hair_color_2\":2,\"blemishes_1\":0,\"arms\":17,\"bags_2\":0,\"hair_2\":2,\"shoes_2\":0,\"face\":0,\"complexion_1\":0,\"chain_2\":0,\"mask_2\":0,\"makeup_2\":0,\"eyebrows_2\":0,\"beard_2\":8,\"eyebrows_3\":0,\"chest_2\":0,\"hair_color_1\":0,\"sun_1\":0,\"mask_1\":0,\"bracelets_1\":2,\"bags_1\":0,\"glasses_1\":5,\"decals_2\":0,\"bodyb_1\":0,\"tshirt_1\":38,\"lipstick_1\":0,\"helmet_2\":6,\"ears_1\":-1,\"chain_1\":1,\"arms_2\":0,\"skin\":6,\"blemishes_2\":0,\"watches_1\":-1,\"hair_1\":2,\"torso_1\":143,\"makeup_4\":0,\"pants_1\":10,\"bodyb_2\":0,\"complexion_2\":0,\"blush_2\":0,\"torso_2\":7,\"age_2\":0,\"shoes_1\":25,\"eyebrows_1\":0,\"chest_1\":0,\"glasses_2\":1}', 'mechanic', 4, '[{\"ammo\":0,\"name\":\"WEAPON_NIGHTSTICK\",\"label\":\"Nightstick\",\"components\":[]},{\"ammo\":0,\"name\":\"WEAPON_APPISTOL\",\"label\":\"AP pistol\",\"components\":[\"clip_default\"]},{\"ammo\":23,\"name\":\"WEAPON_ADVANCEDRIFLE\",\"label\":\"Advanced rifle\",\"components\":[\"clip_default\",\"flashlight\",\"scope\",\"suppressor\"]},{\"ammo\":100,\"name\":\"WEAPON_STUNGUN\",\"label\":\"Taser\",\"components\":[]},{\"ammo\":0,\"name\":\"WEAPON_FLASHLIGHT\",\"label\":\"Flashlight\",\"components\":[]}]', '{\"y\":-131.9,\"z\":39.0,\"x\":-339.0}', 9058636, 11, 'superadmin', 'Bill', 'Brexit', '1998-04-10', 'm', '178', 12754, '[{\"name\":\"hunger\",\"percent\":53.27,\"val\":532700},{\"name\":\"thirst\",\"percent\":62.015,\"val\":620150},{\"name\":\"drunk\",\"percent\":0.0,\"val\":0}]', NULL, 0),
('steam:110000101917bfc', 'license:e7cc54e91286c71295c599b6dc9909bbd6cb4b4f', 7, 'Phoenix', '{\"makeup_4\":0,\"blush_2\":0,\"torso_1\":172,\"hair_color_1\":0,\"shoes_1\":24,\"mask_1\":0,\"mask_2\":0,\"helmet_1\":84,\"sun_2\":0,\"chest_1\":0,\"decals_1\":0,\"beard_4\":0,\"watches_2\":0,\"lipstick_2\":0,\"helmet_2\":8,\"bproof_1\":0,\"tshirt_1\":0,\"blemishes_1\":0,\"beard_2\":10,\"chest_2\":0,\"bags_1\":0,\"decals_2\":0,\"beard_1\":10,\"sex\":0,\"chest_3\":0,\"makeup_3\":0,\"lipstick_4\":0,\"tshirt_2\":0,\"hair_2\":0,\"hair_1\":13,\"makeup_1\":0,\"blush_1\":0,\"moles_2\":0,\"eyebrows_4\":0,\"ears_2\":0,\"chain_2\":0,\"chain_1\":0,\"arms\":20,\"bodyb_2\":0,\"face\":13,\"arms_2\":0,\"eyebrows_3\":0,\"pants_1\":52,\"eyebrows_2\":10,\"hair_color_2\":0,\"blush_3\":0,\"ears_1\":-1,\"glasses_2\":0,\"makeup_2\":0,\"blemishes_2\":0,\"lipstick_3\":0,\"bodyb_1\":0,\"complexion_1\":0,\"complexion_2\":0,\"bracelets_1\":-1,\"moles_1\":0,\"sun_1\":0,\"age_2\":0,\"eye_color\":0,\"lipstick_1\":0,\"torso_2\":3,\"pants_2\":1,\"age_1\":0,\"bproof_2\":0,\"shoes_2\":0,\"watches_1\":-1,\"bracelets_2\":0,\"glasses_1\":17,\"bags_2\":0,\"beard_3\":0,\"skin\":0,\"eyebrows_1\":0}', 'mechanic', 0, '[{\"name\":\"WEAPON_PISTOL\",\"components\":[\"clip_default\"],\"label\":\"Pistol\",\"ammo\":54}]', '{\"x\":266.1,\"z\":-100.2,\"y\":-1005.9}', 36699, 0, 'user', 'Johnny', 'Bells', '1992-06-16', 'm', '150', 28775, '[{\"percent\":29.77,\"val\":297700,\"name\":\"hunger\"},{\"percent\":47.3275,\"val\":473275,\"name\":\"thirst\"},{\"percent\":0.0,\"val\":0,\"name\":\"drunk\"}]', 'LowEndApartment', 0),
('steam:110000104b06470', 'license:112a6ad1390266247ca78514e84d7c202d13ddbc', 600, 'Draven', '{\"arms_2\":0,\"beard_4\":0,\"shoes_2\":0,\"blemishes_1\":4,\"helmet_1\":-1,\"lipstick_2\":0,\"eyebrows_1\":0,\"beard_2\":10,\"arms\":0,\"hair_2\":5,\"hair_color_1\":29,\"chest_1\":3,\"sex\":0,\"glasses_2\":0,\"eyebrows_2\":6,\"sun_2\":0,\"blush_1\":0,\"lipstick_1\":0,\"lipstick_3\":0,\"pants_2\":0,\"helmet_2\":0,\"chest_3\":3,\"eyebrows_3\":7,\"bodyb_1\":3,\"sun_1\":2,\"hair_1\":5,\"bags_1\":0,\"blush_2\":0,\"decals_1\":0,\"age_1\":14,\"bproof_1\":0,\"complexion_2\":0,\"bproof_2\":0,\"chain_1\":0,\"shoes_1\":2,\"makeup_1\":0,\"glasses_1\":0,\"bracelets_2\":0,\"age_2\":10,\"decals_2\":0,\"makeup_2\":0,\"lipstick_4\":0,\"skin\":0,\"pants_1\":0,\"beard_3\":28,\"bags_2\":0,\"chain_2\":0,\"ears_1\":-1,\"chest_2\":3,\"blush_3\":0,\"bracelets_1\":-1,\"bodyb_2\":0,\"mask_2\":0,\"makeup_3\":0,\"torso_2\":0,\"face\":15,\"torso_1\":0,\"tshirt_2\":0,\"mask_1\":0,\"beard_1\":18,\"hair_color_2\":1,\"eye_color\":0,\"moles_2\":0,\"makeup_4\":0,\"complexion_1\":4,\"eyebrows_4\":0,\"blemishes_2\":3,\"ears_2\":0,\"tshirt_1\":0,\"watches_1\":3,\"moles_1\":4,\"watches_2\":0}', 'mechanic', 0, '[]', '{\"y\":-146.7,\"x\":-325.1,\"z\":39.1}', 19856, 0, 'user', 'Miles', 'Malloy', '1951-04-25', 'm', '183', 24122, '[{\"val\":638900,\"name\":\"hunger\",\"percent\":63.89},{\"val\":729175,\"name\":\"thirst\",\"percent\":72.9175},{\"val\":0,\"name\":\"drunk\",\"percent\":0.0}]', NULL, 0),
('steam:1100001050a5e61', 'license:403243f870681796526628e5a18801be1a497d7e', 3600, 'TheSheriff', '{\"sun_2\":0,\"arms\":0,\"ears_2\":0,\"torso_1\":0,\"shoes_1\":0,\"makeup_4\":0,\"helmet_1\":-1,\"blush_3\":0,\"face\":0,\"eyebrows_2\":0,\"skin\":0,\"hair_color_2\":0,\"bracelets_2\":0,\"moles_2\":0,\"eye_color\":0,\"chest_1\":0,\"hair_color_1\":0,\"pants_2\":0,\"complexion_1\":0,\"chest_3\":0,\"bproof_1\":0,\"makeup_3\":0,\"age_2\":0,\"ears_1\":-1,\"lipstick_3\":0,\"tshirt_2\":0,\"arms_2\":0,\"blush_1\":0,\"shoes_2\":0,\"eyebrows_4\":0,\"torso_2\":0,\"bracelets_1\":-1,\"makeup_2\":0,\"chain_2\":0,\"lipstick_4\":0,\"sex\":0,\"lipstick_2\":0,\"complexion_2\":0,\"age_1\":0,\"tshirt_1\":0,\"bags_2\":0,\"decals_1\":0,\"bproof_2\":0,\"eyebrows_3\":0,\"hair_1\":0,\"bodyb_1\":0,\"beard_1\":0,\"bags_1\":0,\"mask_2\":0,\"glasses_2\":0,\"hair_2\":0,\"chest_2\":0,\"moles_1\":0,\"pants_1\":0,\"blemishes_2\":0,\"glasses_1\":0,\"watches_2\":0,\"beard_3\":0,\"watches_1\":-1,\"sun_1\":0,\"blemishes_1\":0,\"blush_2\":0,\"decals_2\":0,\"beard_2\":0,\"helmet_2\":0,\"beard_4\":0,\"bodyb_2\":0,\"mask_1\":0,\"eyebrows_1\":0,\"lipstick_1\":0,\"makeup_1\":0,\"chain_1\":0}', 'unemployed', 0, '[{\"label\":\"Micro SMG\",\"ammo\":0,\"components\":[\"clip_default\"],\"name\":\"WEAPON_MICROSMG\"}]', '{\"x\":786.8,\"y\":-987.3,\"z\":26.3}', 9710, 0, 'user', 'Leon', 'Ardo', '01/01/1990', 'm', '183', 98363, '[{\"percent\":45.3,\"val\":453000,\"name\":\"hunger\"},{\"percent\":46.475,\"val\":464750,\"name\":\"thirst\"},{\"percent\":0.0,\"val\":0,\"name\":\"drug\"},{\"percent\":0.0,\"val\":0,\"name\":\"drunk\"}]', NULL, 0),
('steam:11000010530efb9', 'license:4aba866f16d549bd6ae62bed36c84ce5f2c6fb06', 25000, 'Smuttbudgie', '{\"eyebrows_2\":0,\"makeup_4\":0,\"pants_1\":0,\"chest_3\":0,\"shoes_1\":2,\"eyebrows_4\":0,\"ears_1\":-1,\"hair_color_1\":4,\"tshirt_1\":10,\"age_1\":0,\"blush_1\":0,\"blemishes_2\":0,\"blemishes_1\":0,\"chain_2\":0,\"hair_2\":0,\"mask_2\":0,\"arms\":0,\"mask_1\":0,\"beard_1\":18,\"chain_1\":0,\"bodyb_2\":0,\"complexion_1\":0,\"lipstick_1\":0,\"watches_2\":0,\"sun_2\":0,\"face\":1,\"blush_2\":0,\"torso_2\":0,\"decals_2\":0,\"lipstick_3\":0,\"watches_1\":0,\"makeup_3\":0,\"decals_1\":0,\"sun_1\":0,\"chest_1\":0,\"arms_2\":0,\"moles_1\":0,\"glasses_2\":0,\"chest_2\":0,\"eyebrows_1\":0,\"hair_1\":9,\"eye_color\":0,\"age_2\":0,\"bracelets_2\":0,\"helmet_2\":0,\"beard_3\":0,\"complexion_2\":0,\"pants_2\":2,\"eyebrows_3\":0,\"blush_3\":0,\"makeup_2\":0,\"moles_2\":0,\"bproof_1\":0,\"makeup_1\":0,\"bracelets_1\":-1,\"ears_2\":0,\"lipstick_4\":0,\"lipstick_2\":0,\"bags_1\":0,\"torso_1\":0,\"tshirt_2\":0,\"helmet_1\":-1,\"hair_color_2\":1,\"sex\":0,\"skin\":0,\"beard_4\":0,\"bags_2\":0,\"beard_2\":8,\"bproof_2\":0,\"glasses_1\":2,\"shoes_2\":0,\"bodyb_1\":0}', 'tailor', 0, '[]', '{\"x\":229.4,\"y\":-800.4,\"z\":30.6}', -300, 0, 'user', 'Jinks', 'Foster', '1988/04/04', 'm', '160', 32296, '[{\"percent\":74.0,\"val\":740000,\"name\":\"hunger\"},{\"percent\":85.375,\"val\":853750,\"name\":\"thirst\"},{\"percent\":0.0,\"val\":0,\"name\":\"drug\"},{\"percent\":0.0,\"val\":0,\"name\":\"drunk\"}]', NULL, 1),
('steam:11000010568f675', 'license:e5d2e63268b913b1a12e70767c35b850bf61fe4f', 10000, 'Le Meyer', NULL, 'unemployed', 0, '[]', '{\"y\":-933.4,\"x\":195.5,\"z\":30.7}', 10000, 0, 'user', 'Dadas', 'ADsda', '02-02/19', 'm', '200', 18258, '[{\"name\":\"hunger\",\"percent\":99.7,\"val\":997000},{\"name\":\"thirst\",\"percent\":99.775,\"val\":997750},{\"name\":\"drunk\",\"percent\":0.0,\"val\":0}]', NULL, 0),
('steam:1100001063b7cc2', 'license:c92b787f7a85ecfb2eb0e3f2480ace72ec65484a', 20000, 'Vocai', NULL, 'unemployed', 0, '[]', '{\"z\":30.7,\"x\":187.8,\"y\":-938.4}', 10200, 0, 'user', 'Daniel ', 'Richards', '1980', 'm', '182', 15130, '[{\"name\":\"hunger\",\"val\":959000,\"percent\":95.9},{\"name\":\"thirst\",\"val\":969250,\"percent\":96.925},{\"name\":\"drug\",\"val\":0,\"percent\":0.0},{\"name\":\"drunk\",\"val\":0,\"percent\":0.0}]', NULL, 0),
('steam:11000010670cfb3', 'license:9c074a16a6773c06173dceb6fbe04919423d3ed8', 21865, 'ShiftLizard', '{\"blush_1\":0,\"glasses_2\":3,\"pants_2\":0,\"blush_2\":0,\"beard_1\":11,\"makeup_4\":0,\"watches_1\":-1,\"helmet_1\":-1,\"bags_1\":0,\"hair_1\":7,\"lipstick_3\":0,\"makeup_3\":0,\"eyebrows_3\":0,\"mask_2\":0,\"hair_2\":0,\"ears_1\":-1,\"blemishes_2\":2,\"torso_2\":0,\"beard_3\":0,\"age_2\":4,\"bproof_1\":0,\"decals_1\":0,\"bracelets_2\":0,\"complexion_1\":0,\"beard_4\":0,\"eyebrows_2\":0,\"arms_2\":0,\"glasses_1\":5,\"sun_2\":0,\"bracelets_1\":-1,\"bodyb_1\":0,\"eyebrows_4\":0,\"chest_2\":0,\"lipstick_1\":0,\"tshirt_1\":3,\"skin\":17,\"chain_1\":0,\"bodyb_2\":0,\"eyebrows_1\":0,\"pants_1\":8,\"sun_1\":0,\"makeup_2\":0,\"chest_3\":0,\"bags_2\":0,\"moles_1\":0,\"lipstick_4\":0,\"age_1\":3,\"moles_2\":0,\"blush_3\":0,\"beard_2\":6,\"sex\":0,\"eye_color\":0,\"arms\":4,\"watches_2\":0,\"face\":13,\"blemishes_1\":2,\"tshirt_2\":2,\"complexion_2\":0,\"lipstick_2\":0,\"bproof_2\":0,\"ears_2\":0,\"chest_1\":0,\"decals_2\":0,\"helmet_2\":0,\"torso_1\":4,\"chain_2\":0,\"mask_1\":0,\"shoes_1\":11,\"hair_color_2\":0,\"shoes_2\":15,\"hair_color_1\":0,\"makeup_1\":0}', 'ambulance', 0, '[{\"name\":\"WEAPON_PISTOL\",\"components\":[\"clip_default\"],\"label\":\"Pistol\",\"ammo\":27},{\"name\":\"WEAPON_MICROSMG\",\"components\":[\"clip_default\"],\"label\":\"Micro SMG\",\"ammo\":55}]', '{\"x\":346.9,\"z\":29.3,\"y\":-644.1}', 50115, 0, 'user', 'Aloysius', 'McGillicutty', '1963-04-16', 'm', '184', 90150, '[{\"val\":785200,\"name\":\"hunger\",\"percent\":78.52},{\"val\":938900,\"name\":\"thirst\",\"percent\":93.89},{\"val\":0,\"name\":\"drunk\",\"percent\":0.0}]', NULL, 1),
('steam:110000107aeb9ba', 'license:18117abbd00223c4350594cc78c0448e686e8db2', 10000, 'ryanrees2012', '{\"bproof_2\":0,\"lipstick_1\":0,\"bracelets_2\":0,\"glasses_2\":0,\"pants_2\":0,\"blush_3\":0,\"chest_1\":0,\"bodyb_2\":0,\"sex\":0,\"helmet_1\":-1,\"makeup_1\":0,\"chest_3\":0,\"pants_1\":13,\"torso_1\":119,\"bags_1\":0,\"beard_4\":0,\"mask_1\":0,\"mask_2\":0,\"arms_2\":0,\"hair_2\":0,\"bodyb_1\":0,\"beard_2\":10,\"moles_2\":0,\"tshirt_1\":21,\"blush_2\":0,\"hair_1\":10,\"eyebrows_2\":0,\"eyebrows_4\":0,\"hair_color_2\":0,\"arms\":1,\"moles_1\":0,\"torso_2\":1,\"watches_2\":0,\"tshirt_2\":2,\"bags_2\":0,\"lipstick_3\":0,\"makeup_2\":0,\"bracelets_1\":-1,\"blemishes_1\":0,\"age_2\":0,\"blemishes_2\":0,\"hair_color_1\":0,\"eye_color\":0,\"shoes_1\":38,\"makeup_3\":0,\"eyebrows_1\":0,\"decals_2\":0,\"chain_2\":0,\"sun_1\":0,\"helmet_2\":0,\"eyebrows_3\":0,\"chest_2\":0,\"shoes_2\":0,\"sun_2\":0,\"chain_1\":0,\"bproof_1\":0,\"ears_2\":0,\"ears_1\":-1,\"face\":19,\"beard_3\":0,\"complexion_2\":0,\"complexion_1\":0,\"makeup_4\":0,\"glasses_1\":0,\"lipstick_4\":0,\"decals_1\":0,\"age_1\":0,\"lipstick_2\":0,\"blush_1\":0,\"watches_1\":-1,\"beard_1\":19,\"skin\":0}', 'unemployed', 0, '[]', '{\"z\":29.3,\"y\":-975.4,\"x\":223.3}', 10070, 0, 'user', 'Bill', 'Phillips', '1995-09-13', 'm', '180', 42294, '[{\"percent\":95.13,\"val\":951300,\"name\":\"hunger\"},{\"percent\":96.3475,\"val\":963475,\"name\":\"thirst\"},{\"percent\":0.0,\"val\":0,\"name\":\"drunk\"}]', NULL, 0),
('steam:110000107e3d0e9', 'license:dfd1752ee33b0c82c920005df129be6662441414', 10000, 'My Triggers Stuck', '{\"chain_2\":0,\"glasses_2\":0,\"tshirt_1\":0,\"ears_1\":-1,\"hair_2\":0,\"shoes_2\":0,\"eyebrows_2\":0,\"eye_color\":0,\"watches_2\":0,\"beard_3\":0,\"makeup_4\":0,\"makeup_2\":0,\"moles_1\":0,\"bproof_1\":0,\"chest_1\":0,\"age_1\":0,\"age_2\":0,\"bproof_2\":0,\"bodyb_2\":0,\"decals_2\":0,\"makeup_3\":0,\"skin\":0,\"chain_1\":0,\"blemishes_2\":0,\"blush_1\":0,\"eyebrows_1\":0,\"helmet_2\":0,\"beard_2\":0,\"bracelets_2\":0,\"hair_1\":0,\"sun_2\":0,\"complexion_1\":0,\"pants_2\":0,\"lipstick_4\":0,\"beard_1\":0,\"decals_1\":0,\"bodyb_1\":0,\"lipstick_3\":0,\"chest_3\":0,\"tshirt_2\":0,\"hair_color_1\":0,\"bracelets_1\":-1,\"mask_1\":0,\"bags_1\":0,\"moles_2\":0,\"face\":0,\"ears_2\":0,\"shoes_1\":0,\"pants_1\":0,\"helmet_1\":-1,\"blush_3\":0,\"arms\":0,\"beard_4\":0,\"hair_color_2\":0,\"bags_2\":0,\"blush_2\":0,\"lipstick_2\":0,\"arms_2\":0,\"eyebrows_3\":0,\"lipstick_1\":0,\"watches_1\":-1,\"torso_2\":0,\"makeup_1\":0,\"complexion_2\":0,\"eyebrows_4\":0,\"mask_2\":0,\"blemishes_1\":0,\"sex\":0,\"torso_1\":0,\"chest_2\":0,\"glasses_1\":0,\"sun_1\":0}', 'unemployed', 0, '[]', '{\"x\":137.8,\"y\":-1707.6,\"z\":29.3}', 10210, 0, 'user', 'Chet', 'Witherspoon', '10231979', 'm', '200', 37369, '[{\"name\":\"hunger\",\"val\":874500,\"percent\":87.45},{\"name\":\"thirst\",\"val\":905875,\"percent\":90.5875},{\"name\":\"drunk\",\"val\":0,\"percent\":0.0}]', NULL, 0),
('steam:110000108645f75', 'license:bcd6b99f8535645100f83988d1ce5c48118fc0de', 10000, 'Zero', NULL, 'unemployed', 0, '[]', '{\"z\":30.7,\"y\":-933.4,\"x\":195.5}', 10070, 0, 'user', 'Gabriel', 'Santana', '1996-08-15', 'm', '171', 16874, '[{\"val\":994700,\"name\":\"hunger\",\"percent\":99.47},{\"val\":996025,\"name\":\"thirst\",\"percent\":99.6025},{\"val\":0,\"name\":\"drunk\",\"percent\":0.0}]', NULL, 0),
('steam:110000108be35c6', 'license:e6169008c49b70b62b3bc9fdf9cb3020b9fd25fd', 48, 'xxhollywood54xx', '{\"moles_2\":0,\"bags_2\":0,\"arms_2\":0,\"lipstick_2\":0,\"helmet_2\":0,\"lipstick_1\":0,\"bodyb_1\":0,\"blush_2\":0,\"watches_1\":-1,\"shoes_2\":0,\"shoes_1\":54,\"makeup_1\":0,\"arms\":11,\"mask_2\":0,\"complexion_2\":0,\"eyebrows_2\":0,\"pants_1\":20,\"eyebrows_1\":0,\"age_2\":0,\"face\":0,\"complexion_1\":0,\"tshirt_2\":0,\"torso_1\":13,\"blemishes_2\":0,\"decals_2\":0,\"bracelets_2\":0,\"chest_3\":0,\"makeup_4\":0,\"sun_1\":0,\"eyebrows_3\":0,\"pants_2\":0,\"glasses_2\":0,\"sun_2\":0,\"mask_1\":0,\"skin\":0,\"eyebrows_4\":0,\"glasses_1\":0,\"blush_1\":0,\"chain_1\":0,\"makeup_3\":0,\"beard_4\":0,\"moles_1\":0,\"bproof_1\":0,\"hair_color_2\":0,\"lipstick_3\":0,\"hair_color_1\":3,\"tshirt_1\":130,\"decals_1\":0,\"beard_3\":0,\"watches_2\":0,\"bracelets_1\":-1,\"blush_3\":0,\"hair_1\":10,\"chain_2\":0,\"ears_1\":-1,\"hair_2\":0,\"helmet_1\":-1,\"makeup_2\":0,\"lipstick_4\":0,\"bproof_2\":0,\"bags_1\":0,\"eye_color\":2,\"beard_2\":0,\"ears_2\":0,\"chest_2\":0,\"bodyb_2\":0,\"age_1\":0,\"chest_1\":0,\"sex\":0,\"torso_2\":0,\"beard_1\":0,\"blemishes_1\":0}', 'police', 1, '[{\"components\":[],\"name\":\"WEAPON_PUMPSHOTGUN\",\"ammo\":30,\"label\":\"Pump shotgun\"}]', '{\"x\":453.1,\"y\":-992.8,\"z\":30.7}', 8800, 11, 'admin', 'Dave', 'Richardson', '1989/06/01', 'm', '189', 17591, '[{\"name\":\"hunger\",\"val\":625500,\"percent\":62.55},{\"name\":\"thirst\",\"val\":784000,\"percent\":78.4},{\"name\":\"drunk\",\"val\":0,\"percent\":0.0}]', NULL, 0),
('steam:1100001091a359d', 'license:29c6e54dd16f94053e3856d99fc679c11ad64b6b', 2399, 'Maraz', '{\"watches_2\":0,\"bags_1\":0,\"moles_1\":0,\"beard_4\":0,\"sex\":0,\"pants_2\":0,\"hair_2\":3,\"mask_2\":0,\"decals_2\":0,\"blush_1\":0,\"makeup_1\":2,\"makeup_2\":1,\"eyebrows_1\":0,\"blemishes_1\":0,\"arms\":0,\"face\":4,\"bodyb_2\":0,\"lipstick_3\":1,\"chain_2\":0,\"age_1\":0,\"chest_3\":0,\"lipstick_4\":0,\"shoes_2\":0,\"glasses_1\":0,\"lipstick_2\":1,\"mask_1\":0,\"beard_1\":10,\"tshirt_2\":0,\"eye_color\":0,\"complexion_1\":0,\"age_2\":0,\"torso_2\":0,\"glasses_2\":0,\"moles_2\":0,\"eyebrows_2\":4,\"watches_1\":-1,\"arms_2\":0,\"bracelets_2\":0,\"hair_1\":21,\"sun_1\":0,\"blemishes_2\":0,\"eyebrows_3\":0,\"makeup_3\":1,\"chain_1\":0,\"bracelets_1\":-1,\"bproof_2\":0,\"bproof_1\":0,\"skin\":0,\"beard_3\":0,\"hair_color_2\":0,\"ears_1\":4,\"ears_2\":0,\"beard_2\":10,\"complexion_2\":0,\"torso_1\":0,\"decals_1\":0,\"blush_2\":0,\"pants_1\":0,\"chest_1\":0,\"chest_2\":0,\"helmet_1\":-1,\"tshirt_1\":0,\"hair_color_1\":7,\"bodyb_1\":0,\"blush_3\":0,\"makeup_4\":1,\"sun_2\":0,\"bags_2\":0,\"helmet_2\":0,\"shoes_1\":0,\"eyebrows_4\":0,\"lipstick_1\":1}', 'ambulance', 0, '[]', '{\"z\":24.1,\"y\":-979.2,\"x\":719.1}', 9620, 0, 'user', 'Pooya', 'Maraz', '1999-21-02', 'm', '180', 52234, '[{\"percent\":26.11,\"val\":261100,\"name\":\"hunger\"},{\"percent\":32.0825,\"val\":320825,\"name\":\"thirst\"},{\"percent\":0.0,\"val\":0,\"name\":\"drunk\"}]', NULL, 1),
('steam:11000010a2d91bc', 'license:22cde8871a455264a18060cbaab363610078c44a', 10000, 'jswangstu', '{\"torso_2\":0,\"torso_1\":0,\"makeup_3\":0,\"watches_1\":-1,\"hair_1\":0,\"eyebrows_4\":0,\"mask_2\":0,\"moles_1\":0,\"glasses_1\":0,\"blemishes_2\":0,\"pants_2\":0,\"watches_2\":0,\"blemishes_1\":0,\"makeup_2\":0,\"tshirt_1\":0,\"blush_2\":0,\"bodyb_1\":0,\"moles_2\":0,\"bags_1\":0,\"helmet_1\":-1,\"sun_2\":0,\"bags_2\":0,\"bproof_1\":0,\"shoes_1\":0,\"complexion_2\":0,\"blush_1\":0,\"age_2\":0,\"arms_2\":0,\"helmet_2\":0,\"tshirt_2\":0,\"bodyb_2\":0,\"lipstick_3\":0,\"chain_2\":0,\"decals_2\":0,\"arms\":0,\"lipstick_4\":0,\"lipstick_1\":0,\"shoes_2\":0,\"eyebrows_2\":0,\"bracelets_2\":0,\"beard_1\":0,\"glasses_2\":0,\"sex\":0,\"beard_4\":0,\"pants_1\":0,\"lipstick_2\":0,\"eye_color\":0,\"blush_3\":0,\"ears_1\":-1,\"face\":0,\"complexion_1\":0,\"sun_1\":0,\"decals_1\":0,\"chain_1\":0,\"age_1\":0,\"beard_3\":0,\"eyebrows_3\":0,\"mask_1\":0,\"bracelets_1\":-1,\"eyebrows_1\":0,\"makeup_1\":0,\"chest_3\":0,\"chest_2\":0,\"hair_color_2\":0,\"ears_2\":0,\"beard_2\":0,\"bproof_2\":0,\"hair_2\":0,\"skin\":0,\"hair_color_1\":0,\"makeup_4\":0,\"chest_1\":0}', 'unemployed', 0, '[]', '{\"x\":230.1,\"y\":-950.8,\"z\":29.3}', 10070, 0, 'user', 'Larry ', 'Bonds', '19860212', 'm', '170', 86934, '[{\"percent\":94.79,\"val\":947900,\"name\":\"hunger\"},{\"percent\":96.0925,\"val\":960925,\"name\":\"thirst\"},{\"percent\":0.0,\"val\":0,\"name\":\"drunk\"}]', NULL, 0),
('steam:11000010a693f36', 'license:eaca83acc90c72d46b2022aa55dc12ff2e96a3f5', 10000, '', NULL, 'unemployed', 0, '[]', '{\"z\":30.7,\"x\":195.5,\"y\":-933.4}', 10000, 0, 'user', 'CHE', 'LIN', '19910910', 'm', '175', 13935, '[{\"percent\":99.59,\"val\":995900,\"name\":\"hunger\"},{\"percent\":99.6925,\"val\":996925,\"name\":\"thirst\"},{\"percent\":0.0,\"val\":0,\"name\":\"drunk\"}]', NULL, 0),
('steam:11000010a700f57', 'license:07636f46f157542599c81505618afd215831fbe0', 20000, 'Injustice [Cole]', '{\"blush_1\":0,\"glasses_2\":1,\"pants_2\":0,\"blush_2\":0,\"beard_1\":0,\"face\":0,\"watches_1\":-1,\"helmet_1\":-1,\"bags_1\":0,\"hair_1\":7,\"lipstick_3\":0,\"makeup_3\":0,\"eyebrows_3\":0,\"mask_2\":0,\"chest_2\":0,\"ears_1\":-1,\"blemishes_2\":0,\"torso_2\":0,\"beard_3\":0,\"age_2\":0,\"bproof_1\":0,\"decals_1\":0,\"eyebrows_4\":0,\"lipstick_2\":0,\"beard_4\":0,\"bags_2\":0,\"arms_2\":0,\"moles_2\":0,\"sun_2\":0,\"bracelets_1\":-1,\"complexion_2\":0,\"ears_2\":0,\"helmet_2\":0,\"blush_3\":0,\"shoes_1\":1,\"chain_1\":0,\"makeup_2\":0,\"tshirt_1\":21,\"eyebrows_1\":0,\"pants_1\":25,\"hair_2\":1,\"shoes_2\":0,\"chest_3\":0,\"age_1\":0,\"moles_1\":0,\"lipstick_4\":0,\"mask_1\":0,\"glasses_1\":5,\"sex\":0,\"beard_2\":0,\"lipstick_1\":0,\"eye_color\":0,\"arms\":0,\"watches_2\":0,\"eyebrows_2\":0,\"blemishes_1\":0,\"tshirt_2\":0,\"makeup_4\":0,\"bracelets_2\":0,\"bproof_2\":0,\"bodyb_2\":0,\"chest_1\":0,\"decals_2\":0,\"makeup_1\":0,\"torso_1\":62,\"chain_2\":0,\"bodyb_1\":0,\"hair_color_2\":0,\"complexion_1\":0,\"sun_1\":0,\"hair_color_1\":0,\"skin\":17}', 'mechanic', 0, '[]', '{\"y\":-1127.0,\"z\":28.7,\"x\":11.3}', 4920, 0, 'user', 'Marcus', 'Vern', '1997-06-19', 'm', '190', 67752, '[{\"percent\":79.77,\"val\":797700,\"name\":\"hunger\"},{\"percent\":84.8275,\"val\":848275,\"name\":\"thirst\"},{\"percent\":0.0,\"val\":0,\"name\":\"drug\"},{\"percent\":0.0,\"val\":0,\"name\":\"drunk\"}]', NULL, 0),
('steam:11000010ae8dcf4', 'license:b49cab71dc11cd6f860a5a30e38a88975f1211b9', 10000, 'dk', NULL, 'unemployed', 0, '[]', '{\"y\":-944.3,\"x\":211.5,\"z\":24.1}', 10070, 0, 'user', '', '', '', '', '', 57908, '[{\"percent\":98.8,\"val\":988000,\"name\":\"hunger\"},{\"percent\":99.1,\"val\":991000,\"name\":\"thirst\"},{\"percent\":0.0,\"val\":0,\"name\":\"drunk\"}]', NULL, 0),
('steam:11000010b229b3e', 'license:455d217030d23a016f926cfa76645f7ae4def328', 3500, 'IRISH_PATRICK', '{\"watches_2\":0,\"hair_color_1\":0,\"moles_1\":0,\"beard_4\":0,\"sex\":0,\"pants_2\":0,\"hair_2\":0,\"makeup_3\":0,\"decals_2\":0,\"blush_1\":0,\"makeup_1\":0,\"makeup_2\":0,\"eyebrows_1\":9,\"blemishes_1\":0,\"arms\":40,\"face\":44,\"bodyb_2\":0,\"lipstick_3\":0,\"chain_2\":0,\"age_1\":0,\"chest_3\":0,\"lipstick_4\":0,\"shoes_2\":0,\"glasses_1\":9,\"lipstick_2\":0,\"helmet_2\":0,\"beard_1\":10,\"ears_2\":1,\"eye_color\":8,\"complexion_1\":0,\"age_2\":0,\"torso_2\":0,\"glasses_2\":0,\"eyebrows_3\":0,\"eyebrows_2\":10,\"watches_1\":20,\"arms_2\":0,\"bracelets_2\":0,\"hair_1\":0,\"sun_1\":2,\"blush_2\":0,\"eyebrows_4\":0,\"moles_2\":0,\"bproof_1\":0,\"chain_1\":0,\"bproof_2\":0,\"bags_1\":0,\"helmet_1\":-1,\"decals_1\":0,\"ears_1\":5,\"hair_color_2\":0,\"tshirt_2\":0,\"beard_2\":10,\"chest_1\":0,\"torso_1\":176,\"tshirt_1\":16,\"mask_2\":0,\"beard_3\":0,\"skin\":1,\"chest_2\":10,\"blemishes_2\":0,\"pants_1\":102,\"mask_1\":0,\"lipstick_1\":0,\"blush_3\":0,\"bracelets_1\":1,\"sun_2\":10,\"bags_2\":0,\"complexion_2\":0,\"shoes_1\":51,\"makeup_4\":0,\"bodyb_1\":0}', 'unemployed', 0, '[]', '{\"z\":24.1,\"y\":-982.9,\"x\":720.7}', 11120, 0, 'user', 'John', 'Dillinger', '1980', 'm', '180', 12109, '[{\"percent\":34.6,\"val\":346000,\"name\":\"hunger\"},{\"percent\":50.95,\"val\":509500,\"name\":\"thirst\"},{\"percent\":0.0,\"val\":0,\"name\":\"drunk\"}]', NULL, 1),
('steam:11000010cae89f6', 'license:62258cce685156e4134cdee30cd7ff57dd1e96cc', 20000, 'FerliK', '{\"blush_1\":0,\"glasses_2\":0,\"pants_2\":0,\"blush_2\":0,\"beard_1\":0,\"face\":0,\"watches_1\":-1,\"helmet_1\":-1,\"bags_1\":0,\"hair_1\":0,\"lipstick_3\":0,\"makeup_3\":0,\"eyebrows_3\":0,\"mask_2\":0,\"chest_2\":0,\"ears_1\":-1,\"blemishes_2\":0,\"torso_2\":0,\"beard_3\":0,\"age_2\":0,\"bproof_1\":0,\"decals_1\":0,\"bracelets_2\":0,\"lipstick_2\":0,\"beard_4\":0,\"mask_1\":0,\"arms_2\":0,\"blush_3\":0,\"sun_2\":0,\"bracelets_1\":-1,\"complexion_2\":0,\"moles_2\":0,\"watches_2\":0,\"tshirt_1\":0,\"shoes_1\":0,\"glasses_1\":0,\"makeup_4\":0,\"eyebrows_2\":0,\"eyebrows_1\":0,\"pants_1\":0,\"helmet_2\":0,\"makeup_2\":0,\"chest_3\":0,\"bodyb_1\":0,\"moles_1\":0,\"lipstick_4\":0,\"chain_1\":0,\"bags_2\":0,\"age_1\":0,\"beard_2\":0,\"hair_color_2\":0,\"eye_color\":0,\"arms\":0,\"shoes_2\":0,\"lipstick_1\":0,\"blemishes_1\":0,\"tshirt_2\":0,\"torso_1\":0,\"sex\":0,\"bproof_2\":0,\"bodyb_2\":0,\"chest_1\":0,\"decals_2\":0,\"makeup_1\":0,\"sun_1\":0,\"hair_2\":0,\"complexion_1\":0,\"skin\":0,\"chain_2\":0,\"eyebrows_4\":0,\"hair_color_1\":0,\"ears_2\":0}', 'taxi', 0, '[]', '{\"x\":846.2,\"y\":117.5,\"z\":70.4}', 10332, 0, 'user', 'Juan', 'Rodriguez', '1989-06-30', 'm', '168', 46394, '[{\"val\":0,\"name\":\"drug\",\"percent\":0.0}]', NULL, 0),
('steam:11000010cfa434a', 'license:7b4839a43df80af9f2a5e33d975e93bf4d1eb054', 10000, 'Filipe10MC', '{\"glasses_2\":1,\"bracelets_1\":-1,\"beard_4\":0,\"blush_1\":0,\"face\":0,\"sex\":0,\"arms_2\":0,\"hair_color_1\":8,\"chest_1\":0,\"sun_2\":0,\"tshirt_1\":3,\"lipstick_2\":0,\"lipstick_4\":0,\"bags_2\":0,\"blemishes_1\":0,\"lipstick_3\":0,\"complexion_2\":0,\"age_2\":0,\"pants_1\":4,\"makeup_1\":0,\"mask_2\":0,\"makeup_4\":0,\"beard_1\":10,\"hair_1\":19,\"ears_1\":-1,\"helmet_2\":0,\"hair_2\":0,\"watches_1\":-1,\"hair_color_2\":0,\"makeup_3\":0,\"bracelets_2\":0,\"beard_2\":10,\"shoes_2\":0,\"pants_2\":0,\"chest_2\":0,\"mask_1\":0,\"skin\":0,\"makeup_2\":0,\"blemishes_2\":0,\"eyebrows_1\":0,\"chain_1\":0,\"chest_3\":0,\"eyebrows_2\":10,\"chain_2\":0,\"eyebrows_4\":0,\"complexion_1\":0,\"eyebrows_3\":8,\"torso_1\":4,\"glasses_1\":5,\"moles_2\":0,\"bags_1\":0,\"sun_1\":0,\"beard_3\":8,\"ears_2\":0,\"moles_1\":0,\"lipstick_1\":0,\"decals_1\":0,\"bodyb_2\":0,\"eye_color\":0,\"helmet_1\":-1,\"watches_2\":0,\"arms\":1,\"bproof_1\":0,\"torso_2\":0,\"shoes_1\":1,\"blush_3\":0,\"bodyb_1\":0,\"blush_2\":0,\"tshirt_2\":0,\"bproof_2\":0,\"age_1\":0,\"decals_2\":0}', 'unemployed', 0, '[]', '{\"z\":29.3,\"y\":-1349.6,\"x\":213.0}', 10070, 0, 'user', 'Filipe', 'Maco', '1999-06-16', 'm', '189', 92688, '[{\"val\":977500,\"percent\":97.75,\"name\":\"hunger\"},{\"val\":983125,\"percent\":98.3125,\"name\":\"thirst\"},{\"val\":0,\"percent\":0.0,\"name\":\"drunk\"}]', NULL, 1),
('steam:11000010ed08604', 'license:d615db92a9c8cdcb83450a28fb653dbff221a023', 10000, 'Zed', NULL, 'unemployed', 0, '[]', '{\"z\":24.1,\"y\":-935.7,\"x\":217.5}', 10000, 0, 'user', '', '', '', '', '', 38215, '[{\"val\":977800,\"percent\":97.78,\"name\":\"hunger\"},{\"val\":983350,\"percent\":98.335,\"name\":\"thirst\"},{\"val\":0,\"percent\":0.0,\"name\":\"drunk\"}]', NULL, 0),
('steam:11000011183195e', 'license:ee0d0a5d2df00a31726a03f896be67e758a467e5', 10000, 'jessmeg98', '{\"chain_1\":0,\"mask_1\":0,\"blemishes_2\":0,\"hair_color_2\":0,\"lipstick_3\":0,\"blemishes_1\":0,\"eyebrows_3\":0,\"arms_2\":0,\"beard_2\":0,\"decals_2\":0,\"bags_1\":0,\"bproof_1\":0,\"chest_3\":0,\"beard_1\":0,\"torso_1\":0,\"blush_2\":0,\"helmet_1\":-1,\"bracelets_2\":0,\"glasses_1\":0,\"moles_2\":0,\"mask_2\":0,\"sun_2\":0,\"watches_2\":0,\"arms\":0,\"watches_1\":-1,\"makeup_1\":0,\"skin\":0,\"decals_1\":0,\"chest_1\":0,\"complexion_2\":0,\"torso_2\":0,\"shoes_2\":0,\"hair_2\":0,\"pants_1\":0,\"tshirt_1\":0,\"blush_3\":0,\"eye_color\":0,\"sex\":0,\"glasses_2\":0,\"blush_1\":0,\"bags_2\":0,\"beard_4\":0,\"eyebrows_1\":0,\"chest_2\":0,\"makeup_4\":0,\"ears_2\":0,\"tshirt_2\":0,\"bracelets_1\":-1,\"moles_1\":0,\"helmet_2\":0,\"lipstick_2\":0,\"bodyb_2\":0,\"ears_1\":-1,\"beard_3\":0,\"hair_1\":0,\"pants_2\":0,\"hair_color_1\":0,\"age_2\":0,\"eyebrows_2\":0,\"makeup_3\":0,\"makeup_2\":0,\"face\":0,\"bodyb_1\":0,\"chain_2\":0,\"eyebrows_4\":0,\"complexion_1\":0,\"lipstick_1\":0,\"sun_1\":0,\"shoes_1\":0,\"lipstick_4\":0,\"age_1\":0,\"bproof_2\":0}', 'unemployed', 0, '[]', '{\"z\":30.7,\"x\":195.9,\"y\":-933.9}', 10000, 0, 'user', 'Megan', 'Coop', '1998-04-22', 'f', '140', 46449, '[{\"val\":987300,\"name\":\"hunger\",\"percent\":98.73},{\"val\":990475,\"name\":\"thirst\",\"percent\":99.0475},{\"val\":0,\"name\":\"drunk\",\"percent\":0.0}]', NULL, 0),
('steam:110000111a12a7c', 'license:14218881312daf109ce38f43a97c1477ec400dea', 10000, 'nwnew20410', '{\"helmet_2\":0,\"bodyb_1\":0,\"hair_2\":0,\"blemishes_1\":0,\"beard_1\":0,\"ears_2\":0,\"age_2\":0,\"eye_color\":0,\"shoes_1\":0,\"arms\":0,\"sun_1\":0,\"tshirt_1\":0,\"eyebrows_1\":0,\"makeup_4\":0,\"helmet_1\":-1,\"watches_1\":-1,\"makeup_1\":0,\"tshirt_2\":0,\"bags_2\":0,\"ears_1\":-1,\"chain_2\":0,\"arms_2\":0,\"beard_2\":0,\"chest_2\":0,\"bproof_1\":0,\"chest_1\":0,\"bodyb_2\":0,\"face\":0,\"sun_2\":0,\"bracelets_1\":-1,\"lipstick_3\":0,\"chain_1\":0,\"mask_2\":0,\"hair_1\":0,\"glasses_1\":0,\"hair_color_2\":0,\"shoes_2\":0,\"moles_2\":0,\"pants_1\":0,\"eyebrows_2\":0,\"decals_1\":0,\"makeup_2\":0,\"watches_2\":0,\"blush_3\":0,\"blemishes_2\":0,\"bags_1\":0,\"moles_1\":0,\"blush_2\":0,\"glasses_2\":0,\"eyebrows_3\":0,\"complexion_2\":0,\"lipstick_1\":0,\"sex\":0,\"age_1\":0,\"skin\":0,\"bproof_2\":0,\"torso_1\":0,\"hair_color_1\":0,\"lipstick_2\":0,\"makeup_3\":0,\"complexion_1\":0,\"chest_3\":0,\"bracelets_2\":0,\"mask_1\":0,\"beard_4\":0,\"decals_2\":0,\"eyebrows_4\":0,\"pants_2\":0,\"blush_1\":0,\"beard_3\":0,\"lipstick_4\":0,\"torso_2\":0}', 'ambulance', 0, '[]', '{\"x\":-241.6,\"y\":-1001.8,\"z\":29.0}', 10070, 0, 'user', 'ALAN', 'Yulun', '1999/05/17', 'm', '186', 46260, '[{\"name\":\"hunger\",\"percent\":95.3,\"val\":953000},{\"name\":\"thirst\",\"percent\":96.475,\"val\":964750},{\"name\":\"drunk\",\"percent\":0.0,\"val\":0}]', NULL, 0),
('steam:110000111bca201', 'license:e3284986c76da7b14ab3a5d03f9fa04a85ccdcd3', 10000, 'stevinbrshlone', '{\"sun_1\":0,\"glasses_1\":0,\"ears_2\":0,\"mask_1\":0,\"moles_2\":0,\"hair_2\":5,\"makeup_3\":0,\"makeup_2\":0,\"sun_2\":0,\"helmet_1\":-1,\"skin\":0,\"lipstick_1\":0,\"moles_1\":0,\"bags_2\":0,\"complexion_2\":0,\"arms_2\":0,\"sex\":0,\"eye_color\":0,\"blemishes_2\":0,\"hair_color_2\":6,\"face\":0,\"chest_2\":0,\"bproof_2\":0,\"lipstick_2\":0,\"decals_2\":0,\"ears_1\":-1,\"arms\":0,\"shoes_2\":0,\"makeup_4\":0,\"bproof_1\":0,\"beard_1\":0,\"blush_3\":0,\"helmet_2\":0,\"chain_2\":0,\"bags_1\":0,\"hair_1\":11,\"age_1\":0,\"watches_2\":0,\"eyebrows_1\":0,\"beard_3\":0,\"chain_1\":0,\"mask_2\":0,\"bracelets_1\":-1,\"eyebrows_3\":0,\"glasses_2\":0,\"decals_1\":0,\"chest_1\":0,\"eyebrows_2\":0,\"blush_2\":0,\"pants_2\":0,\"beard_2\":0,\"beard_4\":0,\"lipstick_3\":0,\"bracelets_2\":0,\"bodyb_2\":0,\"lipstick_4\":0,\"bodyb_1\":0,\"eyebrows_4\":0,\"watches_1\":-1,\"chest_3\":0,\"age_2\":0,\"tshirt_2\":3,\"torso_1\":0,\"pants_1\":0,\"blemishes_1\":0,\"complexion_1\":0,\"shoes_1\":0,\"torso_2\":0,\"tshirt_1\":0,\"blush_1\":0,\"hair_color_1\":9,\"makeup_1\":0}', 'unemployed', 0, '[]', '{\"x\":186.8,\"y\":-1384.4,\"z\":29.3}', 10070, 0, 'user', 'Mark', 'Alpat', '1990', 'm', '190', 94446, '[{\"percent\":95.23,\"name\":\"hunger\",\"val\":952300},{\"percent\":96.4225,\"name\":\"thirst\",\"val\":964225},{\"percent\":0.0,\"name\":\"drug\",\"val\":0},{\"percent\":0.0,\"name\":\"drunk\",\"val\":0}]', NULL, 0),
('steam:1100001139909d2', 'license:c99971047922a4928484839793ff7b217a30b974', 19070, 'dylan bosa', NULL, 'unemployed', 0, NULL, NULL, 1000, 0, 'user', 'Dylan', 'Bosa', '10 02 1974', 'm', '200', 22071, NULL, NULL, 0),
('steam:1100001139f4e45', 'license:90043c505d63d9f38dc163659d367697186d4926', 20000, 'holthomas', NULL, 'unemployed', 0, '[]', '{\"x\":195.5,\"z\":30.7,\"y\":-933.4}', 10070, 0, 'user', '', '', '', '', '', 76272, '[{\"val\":978700,\"percent\":97.87,\"name\":\"hunger\"},{\"val\":984025,\"percent\":98.4025,\"name\":\"thirst\"},{\"val\":0,\"percent\":0.0,\"name\":\"drug\"},{\"val\":0,\"percent\":0.0,\"name\":\"drunk\"}]', NULL, 0),
('steam:11000011517e46a', 'license:75e6522bd3790199837eb0e9cd71f5fe54908e86', 500, 'mosqui SKINHUB.COM', '{\"eyebrows_2\":0,\"age_1\":0,\"lipstick_4\":0,\"lipstick_3\":0,\"beard_4\":0,\"chain_2\":0,\"glasses_2\":0,\"bodyb_2\":0,\"ears_1\":-1,\"makeup_2\":0,\"sun_2\":0,\"bodyb_1\":0,\"tshirt_1\":0,\"shoes_2\":0,\"eye_color\":0,\"lipstick_2\":0,\"chest_2\":0,\"mask_2\":0,\"complexion_1\":0,\"sun_1\":0,\"bags_2\":0,\"arms_2\":0,\"chain_1\":0,\"decals_1\":0,\"complexion_2\":0,\"bproof_2\":0,\"beard_1\":0,\"shoes_1\":0,\"mask_1\":0,\"pants_1\":0,\"ears_2\":0,\"makeup_3\":0,\"tshirt_2\":0,\"beard_2\":0,\"chest_3\":0,\"arms\":0,\"watches_2\":0,\"hair_2\":0,\"eyebrows_4\":0,\"hair_color_2\":0,\"pants_2\":0,\"blemishes_1\":0,\"bracelets_2\":0,\"sex\":0,\"eyebrows_1\":0,\"bproof_1\":0,\"moles_1\":0,\"blush_3\":0,\"skin\":0,\"hair_color_1\":0,\"lipstick_1\":0,\"face\":0,\"eyebrows_3\":0,\"age_2\":0,\"moles_2\":0,\"glasses_1\":0,\"makeup_4\":0,\"makeup_1\":0,\"decals_2\":0,\"blush_1\":0,\"torso_1\":0,\"blemishes_2\":0,\"beard_3\":0,\"hair_1\":0,\"bags_1\":0,\"helmet_2\":0,\"bracelets_1\":-1,\"chest_1\":0,\"torso_2\":0,\"helmet_1\":-1,\"blush_2\":0,\"watches_1\":-1}', 'mechanic', 0, '[]', '{\"x\":-392.2,\"y\":-103.1,\"z\":38.7}', 10118, 0, 'user', 'Jhon', 'Wyatt', '1995-05-10', 'm', '187', 88782, '[{\"percent\":81.03,\"val\":810300,\"name\":\"hunger\"},{\"percent\":85.7725,\"val\":857725,\"name\":\"thirst\"},{\"percent\":0.0,\"val\":0,\"name\":\"drunk\"}]', NULL, 0),
('steam:110000116adf2be', 'license:f5f3d82a2011655ddd894fbbe3ee96f43c06c6c9', 10000, 'alcalaluis23', NULL, 'unemployed', 0, '[]', '{\"x\":113.9,\"z\":29.4,\"y\":-1028.7}', 10000, 0, 'user', 'Hector ', 'Guzman', '1992-10-20', 'm', '176', 50638, '[{\"name\":\"hunger\",\"percent\":98.02,\"val\":980200},{\"name\":\"thirst\",\"percent\":98.515,\"val\":985150},{\"name\":\"drunk\",\"percent\":0.0,\"val\":0}]', NULL, 0);
INSERT INTO `users` (`identifier`, `license`, `money`, `name`, `skin`, `job`, `job_grade`, `loadout`, `position`, `bank`, `permission_level`, `group`, `firstname`, `lastname`, `dateofbirth`, `sex`, `height`, `phone_number`, `status`, `last_property`, `is_dead`) VALUES
('steam:110000117f1fdc6', 'license:14f1564a26053587d073d2b19fccf1d7d39ff299', 10000, 'elTetas', '{\"shoes_1\":0,\"torso_1\":0,\"bproof_1\":0,\"sun_1\":0,\"eyebrows_1\":0,\"sun_2\":0,\"pants_2\":0,\"blemishes_1\":0,\"helmet_2\":0,\"glasses_2\":0,\"arms\":0,\"chest_3\":0,\"pants_1\":0,\"chain_1\":0,\"bracelets_1\":-1,\"lipstick_2\":0,\"hair_1\":0,\"bodyb_1\":0,\"glasses_1\":0,\"chest_2\":0,\"age_2\":0,\"decals_1\":0,\"eyebrows_3\":0,\"beard_4\":0,\"mask_1\":0,\"bracelets_2\":0,\"age_1\":0,\"makeup_4\":0,\"helmet_1\":-1,\"bproof_2\":0,\"face\":0,\"chest_1\":0,\"skin\":0,\"blush_2\":0,\"eye_color\":0,\"shoes_2\":0,\"blemishes_2\":0,\"eyebrows_4\":0,\"complexion_2\":0,\"lipstick_1\":0,\"moles_2\":0,\"bodyb_2\":0,\"makeup_2\":0,\"arms_2\":0,\"tshirt_2\":0,\"blush_3\":0,\"tshirt_1\":0,\"makeup_3\":0,\"chain_2\":0,\"eyebrows_2\":0,\"bags_2\":0,\"makeup_1\":0,\"blush_1\":0,\"watches_1\":-1,\"decals_2\":0,\"beard_1\":0,\"moles_1\":0,\"complexion_1\":0,\"mask_2\":0,\"lipstick_4\":0,\"hair_color_2\":0,\"sex\":0,\"ears_2\":0,\"ears_1\":-1,\"lipstick_3\":0,\"watches_2\":0,\"hair_2\":0,\"beard_2\":0,\"torso_2\":0,\"bags_1\":0,\"beard_3\":0,\"hair_color_1\":0}', 'unemployed', 0, '[{\"ammo\":0,\"label\":\"Knife\",\"name\":\"WEAPON_KNIFE\",\"components\":[]},{\"ammo\":0,\"label\":\"Nightstick\",\"name\":\"WEAPON_NIGHTSTICK\",\"components\":[]},{\"ammo\":0,\"label\":\"Hammer\",\"name\":\"WEAPON_HAMMER\",\"components\":[]},{\"ammo\":0,\"label\":\"Bat\",\"name\":\"WEAPON_BAT\",\"components\":[]},{\"ammo\":0,\"label\":\"Golf club\",\"name\":\"WEAPON_GOLFCLUB\",\"components\":[]},{\"ammo\":0,\"label\":\"Crow bar\",\"name\":\"WEAPON_CROWBAR\",\"components\":[]},{\"ammo\":243,\"label\":\"Pistol\",\"name\":\"WEAPON_PISTOL\",\"components\":[\"clip_default\"]},{\"ammo\":243,\"label\":\"Combat pistol\",\"name\":\"WEAPON_COMBATPISTOL\",\"components\":[\"clip_default\"]},{\"ammo\":243,\"label\":\"AP pistol\",\"name\":\"WEAPON_APPISTOL\",\"components\":[\"clip_default\"]},{\"ammo\":243,\"label\":\"Pistol .50\",\"name\":\"WEAPON_PISTOL50\",\"components\":[\"clip_default\"]},{\"ammo\":243,\"label\":\"Sns pistol\",\"name\":\"WEAPON_SNSPISTOL\",\"components\":[\"clip_default\"]},{\"ammo\":243,\"label\":\"Heavy pistol\",\"name\":\"WEAPON_HEAVYPISTOL\",\"components\":[\"clip_default\"]},{\"ammo\":243,\"label\":\"Vintage pistol\",\"name\":\"WEAPON_VINTAGEPISTOL\",\"components\":[\"clip_default\"]},{\"ammo\":170,\"label\":\"Micro SMG\",\"name\":\"WEAPON_MICROSMG\",\"components\":[\"clip_default\"]},{\"ammo\":170,\"label\":\"SMG\",\"name\":\"WEAPON_SMG\",\"components\":[\"clip_default\"]},{\"ammo\":170,\"label\":\"Assault SMG\",\"name\":\"WEAPON_ASSAULTSMG\",\"components\":[\"clip_default\"]},{\"ammo\":250,\"label\":\"Pump shotgun\",\"name\":\"WEAPON_PUMPSHOTGUN\",\"components\":[]},{\"ammo\":250,\"label\":\"Sawed off shotgun\",\"name\":\"WEAPON_SAWNOFFSHOTGUN\",\"components\":[]},{\"ammo\":250,\"label\":\"Assault shotgun\",\"name\":\"WEAPON_ASSAULTSHOTGUN\",\"components\":[\"clip_default\"]},{\"ammo\":250,\"label\":\"Bullpup shotgun\",\"name\":\"WEAPON_BULLPUPSHOTGUN\",\"components\":[]},{\"ammo\":250,\"label\":\"Heavy shotgun\",\"name\":\"WEAPON_HEAVYSHOTGUN\",\"components\":[\"clip_default\"]},{\"ammo\":250,\"label\":\"Assault rifle\",\"name\":\"WEAPON_ASSAULTRIFLE\",\"components\":[\"clip_default\"]},{\"ammo\":250,\"label\":\"Carbine rifle\",\"name\":\"WEAPON_CARBINERIFLE\",\"components\":[\"clip_default\"]},{\"ammo\":250,\"label\":\"Advanced rifle\",\"name\":\"WEAPON_ADVANCEDRIFLE\",\"components\":[\"clip_default\"]},{\"ammo\":250,\"label\":\"Special carbine\",\"name\":\"WEAPON_SPECIALCARBINE\",\"components\":[\"clip_default\"]},{\"ammo\":250,\"label\":\"Bullpup rifle\",\"name\":\"WEAPON_BULLPUPRIFLE\",\"components\":[\"clip_default\"]},{\"ammo\":59,\"label\":\"MG\",\"name\":\"WEAPON_MG\",\"components\":[\"clip_default\"]},{\"ammo\":59,\"label\":\"Combat MG\",\"name\":\"WEAPON_COMBATMG\",\"components\":[\"clip_default\"]},{\"ammo\":59,\"label\":\"Gusenberg sweeper\",\"name\":\"WEAPON_GUSENBERG\",\"components\":[\"clip_default\"]},{\"ammo\":250,\"label\":\"Sniper rifle\",\"name\":\"WEAPON_SNIPERRIFLE\",\"components\":[\"scope\"]},{\"ammo\":250,\"label\":\"Heavy sniper\",\"name\":\"WEAPON_HEAVYSNIPER\",\"components\":[\"scope_advanced\"]},{\"ammo\":250,\"label\":\"Marksman rifle\",\"name\":\"WEAPON_MARKSMANRIFLE\",\"components\":[\"clip_default\",\"scope\"]},{\"ammo\":18,\"label\":\"Grenade launcher\",\"name\":\"WEAPON_GRENADELAUNCHER\",\"components\":[]},{\"ammo\":20,\"label\":\"Rocket launcher\",\"name\":\"WEAPON_RPG\",\"components\":[]},{\"ammo\":19,\"label\":\"Stinger\",\"name\":\"WEAPON_STINGER\",\"components\":[]},{\"ammo\":0,\"label\":\"Minigun\",\"name\":\"WEAPON_MINIGUN\",\"components\":[]},{\"ammo\":25,\"label\":\"Grenade\",\"name\":\"WEAPON_GRENADE\",\"components\":[]},{\"ammo\":25,\"label\":\"Sticky bomb\",\"name\":\"WEAPON_STICKYBOMB\",\"components\":[]},{\"ammo\":25,\"label\":\"Smoke grenade\",\"name\":\"WEAPON_SMOKEGRENADE\",\"components\":[]},{\"ammo\":25,\"label\":\"Bz gas\",\"name\":\"WEAPON_BZGAS\",\"components\":[]},{\"ammo\":25,\"label\":\"Molotov cocktail\",\"name\":\"WEAPON_MOLOTOV\",\"components\":[]},{\"ammo\":2000,\"label\":\"Fire extinguisher\",\"name\":\"WEAPON_FIREEXTINGUISHER\",\"components\":[]},{\"ammo\":4500,\"label\":\"Jerrycan\",\"name\":\"WEAPON_PETROLCAN\",\"components\":[]},{\"ammo\":1,\"label\":\"Ball\",\"name\":\"WEAPON_BALL\",\"components\":[]},{\"ammo\":0,\"label\":\"Bottle\",\"name\":\"WEAPON_BOTTLE\",\"components\":[]},{\"ammo\":0,\"label\":\"Dagger\",\"name\":\"WEAPON_DAGGER\",\"components\":[]},{\"ammo\":20,\"label\":\"Firework\",\"name\":\"WEAPON_FIREWORK\",\"components\":[]},{\"ammo\":250,\"label\":\"Musket\",\"name\":\"WEAPON_MUSKET\",\"components\":[]},{\"ammo\":250,\"label\":\"Taser\",\"name\":\"WEAPON_STUNGUN\",\"components\":[]},{\"ammo\":10,\"label\":\"Homing launcher\",\"name\":\"WEAPON_HOMINGLAUNCHER\",\"components\":[]},{\"ammo\":10,\"label\":\"Snow ball\",\"name\":\"WEAPON_SNOWBALL\",\"components\":[]},{\"ammo\":25,\"label\":\"Flare gun\",\"name\":\"WEAPON_FLARE\",\"components\":[]}]', '{\"x\":229.2,\"y\":-1309.0,\"z\":29.3}', 9640, 0, 'user', 'Pepe', 'Hamed', '1997/06/06', 'm', '140', 48600, '[{\"percent\":46.33,\"name\":\"hunger\",\"val\":463300},{\"percent\":47.2475,\"name\":\"thirst\",\"val\":472475},{\"percent\":0.0,\"name\":\"drug\",\"val\":0},{\"percent\":0.0,\"name\":\"drunk\",\"val\":0}]', NULL, 0),
('steam:1100001188a7132', 'license:ed3840a03e8c4bd58fe18040c6880c89b235ea45', 10000, 'Skalle', NULL, 'unemployed', 0, '[]', '{\"x\":197.6,\"y\":-932.3,\"z\":30.7}', 10000, 0, 'user', 'Bo', 'Jensen', '1999/01/02', 'm', '170', 36372, '[{\"name\":\"hunger\",\"percent\":99.07,\"val\":990700},{\"name\":\"thirst\",\"percent\":99.3025,\"val\":993025},{\"name\":\"drunk\",\"percent\":0.0,\"val\":0}]', NULL, 0),
('steam:11000011895b45c', 'license:6ac90a4e43da4059d7a72ef36247195b519b04c7', 10000, 'Bibo', NULL, 'unemployed', 0, '[]', '{\"z\":29.0,\"x\":107.8,\"y\":-1033.6}', 10000, 0, 'user', 'Mike', 'Poulsen', '21 marts. ', 'm', '179', 63264, '[{\"name\":\"hunger\",\"val\":981700,\"percent\":98.17},{\"name\":\"thirst\",\"val\":986275,\"percent\":98.6275},{\"name\":\"drug\",\"val\":0,\"percent\":0.0},{\"name\":\"drunk\",\"val\":0,\"percent\":0.0}]', NULL, 0),
('steam:1100001337336fa', 'license:23431ba5fc13fc98bc4fccbcf0c5fe1a472abf13', 10000, 'Flaze', NULL, 'unemployed', 0, '[]', '{\"x\":195.5,\"y\":-933.4,\"z\":30.7}', 10000, 0, 'user', '', '', '', '', '', 12046, '[{\"percent\":99.48,\"val\":994800,\"name\":\"hunger\"},{\"percent\":99.61,\"val\":996100,\"name\":\"thirst\"},{\"percent\":0.0,\"val\":0,\"name\":\"drug\"},{\"percent\":0.0,\"val\":0,\"name\":\"drunk\"}]', NULL, 0),
('steam:1100001347c40b7', 'license:7687e1b68f990ffc8a29e70abce8a63ee989412a', 10000, 'DeltaRenegade', '{\"bodyb_2\":0,\"moles_2\":0,\"hair_1\":0,\"lipstick_3\":0,\"beard_4\":0,\"bproof_2\":0,\"arms\":0,\"face\":0,\"bodyb_1\":0,\"blush_2\":0,\"watches_1\":-1,\"complexion_2\":0,\"watches_2\":0,\"eyebrows_3\":0,\"chain_1\":0,\"eye_color\":0,\"age_1\":0,\"torso_2\":0,\"arms_2\":0,\"lipstick_1\":0,\"bags_2\":0,\"mask_2\":0,\"glasses_1\":0,\"hair_color_2\":0,\"helmet_1\":-1,\"glasses_2\":0,\"beard_1\":0,\"eyebrows_2\":0,\"beard_2\":0,\"chest_2\":0,\"tshirt_2\":0,\"shoes_2\":0,\"chest_3\":0,\"blush_1\":0,\"blemishes_2\":0,\"sex\":0,\"ears_2\":0,\"tshirt_1\":0,\"hair_2\":0,\"torso_1\":0,\"bracelets_1\":-1,\"age_2\":0,\"makeup_1\":0,\"bproof_1\":0,\"mask_1\":0,\"bags_1\":0,\"blush_3\":0,\"moles_1\":0,\"eyebrows_4\":0,\"pants_2\":0,\"pants_1\":0,\"shoes_1\":0,\"makeup_2\":0,\"chain_2\":0,\"makeup_4\":0,\"chest_1\":0,\"blemishes_1\":0,\"sun_2\":0,\"lipstick_2\":0,\"skin\":0,\"ears_1\":-1,\"decals_1\":0,\"bracelets_2\":0,\"helmet_2\":0,\"makeup_3\":0,\"sun_1\":0,\"hair_color_1\":0,\"lipstick_4\":0,\"decals_2\":0,\"eyebrows_1\":0,\"beard_3\":0,\"complexion_1\":0}', 'unemployed', 0, '[]', '{\"x\":196.5,\"z\":30.7,\"y\":-925.7}', 10000, 0, 'user', 'Alex', 'Corner', '4/25/90', 'm', '140', 32664, '[{\"val\":990600,\"name\":\"hunger\",\"percent\":99.06},{\"val\":992950,\"name\":\"thirst\",\"percent\":99.295},{\"val\":0,\"name\":\"drunk\",\"percent\":0.0}]', NULL, 0),
('steam:11000013481a568', 'license:5ed9dedb7e5222c1055b376820331b811b02a4cd', 10000, 'sVORTEXs', NULL, 'unemployed', 0, '[]', '{\"z\":30.7,\"y\":-933.2,\"x\":195.5}', 10000, 0, 'user', '', '', '', '', '', 94171, '[{\"val\":998900,\"percent\":99.89,\"name\":\"hunger\"},{\"val\":999175,\"percent\":99.9175,\"name\":\"thirst\"},{\"val\":0,\"percent\":0.0,\"name\":\"drunk\"}]', NULL, 0),
('steam:110000134e58e98', 'license:58204ba1336c7decd17efb687e2a80f3ee8b8315', 9970, 'fucajr', '{\"beard_2\":0,\"chest_2\":0,\"moles_1\":0,\"decals_2\":0,\"watches_1\":-1,\"helmet_2\":0,\"arms\":0,\"eyebrows_2\":0,\"eyebrows_1\":0,\"hair_1\":0,\"tshirt_1\":0,\"mask_2\":0,\"pants_2\":0,\"torso_1\":0,\"glasses_1\":0,\"sex\":0,\"makeup_3\":0,\"arms_2\":0,\"eyebrows_3\":0,\"glasses_2\":0,\"eyebrows_4\":0,\"blush_3\":0,\"chest_3\":0,\"moles_2\":0,\"hair_color_2\":0,\"decals_1\":0,\"age_2\":0,\"hair_color_1\":0,\"lipstick_1\":0,\"mask_1\":0,\"helmet_1\":-1,\"tshirt_2\":0,\"torso_2\":0,\"ears_2\":0,\"bags_1\":0,\"blemishes_2\":0,\"lipstick_2\":0,\"sun_2\":0,\"complexion_1\":0,\"bproof_2\":0,\"beard_4\":0,\"blush_1\":0,\"bracelets_1\":-1,\"makeup_2\":0,\"face\":0,\"chain_1\":0,\"chain_2\":0,\"pants_1\":0,\"complexion_2\":0,\"chest_1\":0,\"bags_2\":0,\"lipstick_4\":0,\"makeup_4\":0,\"skin\":0,\"bodyb_2\":0,\"age_1\":0,\"bproof_1\":0,\"bodyb_1\":0,\"shoes_2\":0,\"hair_2\":0,\"bracelets_2\":0,\"ears_1\":-1,\"eye_color\":0,\"sun_1\":0,\"blush_2\":0,\"makeup_1\":0,\"blemishes_1\":0,\"beard_1\":0,\"shoes_1\":0,\"watches_2\":0,\"beard_3\":0,\"lipstick_3\":0}', 'unemployed', 0, '[{\"components\":[\"clip_default\"],\"name\":\"WEAPON_PISTOL\",\"ammo\":23,\"label\":\"Pistol\"}]', '{\"x\":-1384.8,\"z\":30.8,\"y\":-622.3}', 10070, 0, 'user', 'Bartolo', 'El Chico', '1960/10/10', 'm', '200', 30956, '[{\"name\":\"hunger\",\"percent\":95.59,\"val\":955900},{\"name\":\"thirst\",\"percent\":96.6925,\"val\":966925},{\"name\":\"drunk\",\"percent\":0.0,\"val\":0}]', NULL, 0),
('steam:110000136441712', 'license:0c0ffa4e86d793f83642404dd79e7fba2f3f72df', 20000, 'M.Martin', '{\"hair_1\":15,\"complexion_2\":0,\"makeup_4\":0,\"ears_1\":-1,\"pants_2\":2,\"bags_2\":0,\"lipstick_1\":0,\"decals_2\":0,\"sex\":0,\"moles_1\":0,\"mask_1\":0,\"decals_1\":0,\"moles_2\":0,\"helmet_2\":0,\"bproof_1\":22,\"lipstick_3\":0,\"makeup_3\":0,\"complexion_1\":0,\"watches_1\":0,\"bodyb_1\":0,\"makeup_2\":0,\"hair_color_2\":0,\"age_1\":0,\"eyebrows_2\":0,\"tshirt_1\":0,\"eye_color\":0,\"sun_2\":0,\"torso_2\":8,\"beard_2\":10,\"eyebrows_4\":0,\"bproof_2\":5,\"lipstick_2\":0,\"blush_3\":0,\"glasses_2\":1,\"bodyb_2\":0,\"arms_2\":0,\"mask_2\":0,\"beard_1\":18,\"watches_2\":0,\"chest_3\":0,\"eyebrows_3\":0,\"shoes_2\":2,\"beard_3\":0,\"makeup_1\":0,\"blemishes_2\":0,\"chain_2\":0,\"eyebrows_1\":0,\"chest_1\":0,\"tshirt_2\":1,\"hair_2\":4,\"bracelets_2\":0,\"hair_color_1\":4,\"skin\":0,\"blush_2\":0,\"blemishes_1\":0,\"bags_1\":0,\"shoes_1\":8,\"arms\":15,\"beard_4\":0,\"pants_1\":5,\"lipstick_4\":0,\"face\":0,\"torso_1\":0,\"age_2\":0,\"ears_2\":0,\"glasses_1\":5,\"helmet_1\":-1,\"bracelets_1\":1,\"blush_1\":0,\"chest_2\":0,\"chain_1\":90,\"sun_1\":0}', 'ambulance', 0, '[]', '{\"x\":234.9,\"y\":-814.7,\"z\":30.3}', 10220, 0, 'user', 'Martin', 'Dickens', '4718', 'm', '140', 57510, '[{\"percent\":88.03,\"val\":880300,\"name\":\"hunger\"},{\"percent\":91.0225,\"val\":910225,\"name\":\"thirst\"},{\"percent\":0.0,\"val\":0,\"name\":\"drug\"},{\"percent\":0.0,\"val\":0,\"name\":\"drunk\"}]', NULL, 0),
('steam:11000013813f194', 'license:e3c1baac89f912bd766026405b96278d4a69716d', 10000, 'EVXKOV', NULL, 'unemployed', 0, '[]', '{\"z\":24.1,\"y\":-948.5,\"x\":208.2}', 10070, 0, 'user', '', '', '', '', '', 73484, '[{\"name\":\"hunger\",\"val\":989300,\"percent\":98.93},{\"name\":\"thirst\",\"val\":991975,\"percent\":99.1975},{\"name\":\"drunk\",\"val\":0,\"percent\":0.0}]', NULL, 0),
('steam:11000013b4470cb', 'license:c7e34470f669a5380aac4df863275254c96b1b50', 10000, 'tms-pro', '{\"ears_1\":-1,\"glasses_1\":0,\"beard_3\":0,\"arms\":0,\"watches_1\":-1,\"bracelets_2\":0,\"shoes_1\":0,\"bracelets_1\":-1,\"sex\":0,\"age_1\":0,\"decals_1\":0,\"blush_1\":0,\"lipstick_3\":0,\"beard_2\":0,\"makeup_2\":0,\"watches_2\":0,\"eyebrows_3\":0,\"beard_4\":0,\"hair_color_2\":0,\"lipstick_4\":0,\"helmet_2\":0,\"makeup_1\":0,\"bags_1\":0,\"hair_2\":0,\"shoes_2\":0,\"blemishes_1\":0,\"beard_1\":0,\"bproof_2\":0,\"pants_1\":0,\"eyebrows_1\":0,\"eye_color\":0,\"pants_2\":0,\"mask_1\":0,\"mask_2\":0,\"bodyb_1\":0,\"sun_1\":0,\"complexion_2\":0,\"lipstick_2\":0,\"bodyb_2\":0,\"arms_2\":0,\"bags_2\":0,\"lipstick_1\":0,\"chain_1\":0,\"hair_1\":0,\"moles_1\":0,\"tshirt_1\":0,\"eyebrows_2\":0,\"makeup_3\":0,\"decals_2\":0,\"ears_2\":0,\"torso_1\":0,\"eyebrows_4\":0,\"chest_2\":0,\"blush_2\":0,\"glasses_2\":0,\"chest_3\":0,\"sun_2\":0,\"skin\":0,\"complexion_1\":0,\"tshirt_2\":0,\"moles_2\":0,\"torso_2\":0,\"chain_2\":0,\"face\":0,\"makeup_4\":0,\"hair_color_1\":0,\"blemishes_2\":0,\"bproof_1\":0,\"blush_3\":0,\"age_2\":0,\"chest_1\":0,\"helmet_1\":-1}', 'unemployed', 0, '[]', '{\"x\":222.3,\"y\":-930.0,\"z\":24.1}', 10000, 0, 'user', 'Ddmin', 'Asdds', '1990/09/11', 'm', '150', 12427, '[{\"name\":\"hunger\",\"val\":996700,\"percent\":99.67},{\"name\":\"thirst\",\"val\":997525,\"percent\":99.7525},{\"name\":\"drunk\",\"val\":0,\"percent\":0.0}]', NULL, 0),
('steam:11000013b5ee510', 'license:4e757362ed74ab4405781ab414561d9885a69d55', 10000, 'ristet', NULL, 'unemployed', 0, '[]', '{\"z\":30.7,\"y\":-932.0,\"x\":195.3}', 10000, 0, 'user', '', '', '', '', '', 53810, '[{\"percent\":98.89,\"val\":988900,\"name\":\"hunger\"},{\"percent\":99.1675,\"val\":991675,\"name\":\"thirst\"},{\"percent\":0.0,\"val\":0,\"name\":\"drunk\"}]', NULL, 0);

-- --------------------------------------------------------

--
-- Table structure for table `user_accounts`
--

CREATE TABLE `user_accounts` (
  `id` int(11) NOT NULL,
  `identifier` varchar(22) NOT NULL,
  `name` varchar(50) NOT NULL,
  `money` double NOT NULL DEFAULT '0'
) ENGINE=InnoDB DEFAULT CHARSET=latin1;

--
-- Dumping data for table `user_accounts`
--

INSERT INTO `user_accounts` (`id`, `identifier`, `name`, `money`) VALUES
(3, 'steam:110000100a8294c', 'black_money', 82),
(4, 'Char1:110000101917bfc', 'black_money', 0),
(5, 'Char2:110000100a8294c', 'black_money', 0),
(9, 'Char1:1100001139f4e45', 'black_money', 0),
(10, 'steam:11000010a700f57', 'black_money', 0),
(12, 'steam:11000010670cfb3', 'black_money', 0),
(13, 'steam:11000010cae89f6', 'black_money', 0),
(14, 'Char1:110000108be35c6', 'black_money', 80),
(15, 'steam:11000010530efb9', 'black_money', 0),
(16, 'steam:1100001063b7cc2', 'black_money', 0),
(18, 'steam:110000136441712', 'black_money', 0),
(19, 'steam:110000108be35c6', 'black_money', 0),
(20, 'steam:1100001139f4e45', 'black_money', 0),
(21, 'steam:1100001337336fa', 'black_money', 0),
(22, 'steam:1100001050a5e61', 'black_money', 0),
(23, 'steam:110000117f1fdc6', 'black_money', 0),
(24, 'steam:11000011895b45c', 'black_money', 0),
(25, 'steam:110000111bca201', 'black_money', 0),
(27, 'steam:110000104b06470', 'black_money', 0),
(28, 'Char3:110000100a8294c', 'black_money', 0),
(29, 'steam:110000101917bfc', 'black_money', 0),
(30, 'steam:1100001139909d2', 'black_money', 0),
(31, 'steam:11000013b5ee510', 'black_money', 0),
(32, 'steam:110000107aeb9ba', 'black_money', 0),
(33, 'steam:110000134e58e98', 'black_money', 0),
(34, 'steam:1100001347c40b7', 'black_money', 0),
(35, 'steam:11000011183195e', 'black_money', 0),
(36, 'steam:110000107e3d0e9', 'black_money', 0),
(37, 'Char3:110000108be35c6', 'black_money', 0),
(38, 'steam:11000010ae8dcf4', 'black_money', 0),
(39, 'steam:1100001188a7132', 'black_money', 0),
(40, 'steam:11000013813f194', 'black_money', 0),
(41, 'steam:110000111a12a7c', 'black_money', 0),
(42, 'steam:11000013b4470cb', 'black_money', 0),
(43, 'Char1:110000116adf2be', 'black_money', 0),
(44, 'steam:110000108645f75', 'black_money', 0),
(45, 'steam:11000011517e46a', 'black_money', 0),
(46, 'Char1:11000010cfa434a', 'black_money', 0),
(47, 'steam:11000010cfa434a', 'black_money', 0),
(48, 'steam:11000010568f675', 'black_money', 0),
(49, 'steam:11000010a2d91bc', 'black_money', 0),
(50, 'steam:110000116adf2be', 'black_money', 0),
(51, 'steam:1100001004697cf', 'black_money', 0),
(52, 'steam:11000010ed08604', 'black_money', 0),
(53, 'steam:11000013481a568', 'black_money', 0),
(54, 'steam:11000010a693f36', 'black_money', 0),
(55, 'steam:1100001091a359d', 'black_money', 0),
(56, 'steam:11000010b229b3e', 'black_money', 5520);

-- --------------------------------------------------------

--
-- Table structure for table `user_contacts`
--

CREATE TABLE `user_contacts` (
  `id` int(11) NOT NULL,
  `identifier` varchar(255) NOT NULL,
  `name` varchar(255) NOT NULL,
  `number` int(11) NOT NULL
) ENGINE=InnoDB DEFAULT CHARSET=latin1;

--
-- Dumping data for table `user_contacts`
--

INSERT INTO `user_contacts` (`id`, `identifier`, `name`, `number`) VALUES
(1, 'steam:110000100a8294c', 'Phoenix', 92067),
(2, 'Char1:110000101917bfc', 'Bill', 12754),
(3, 'steam:110000100a8294c', 'Steve \'Hollywood\' wilson', 66392),
(4, 'steam:11000010a700f57', 'cop popo', 12754),
(5, 'steam:110000100a8294c', 'Marcus Vern', 67752),
(6, 'Char1:110000108be35c6', 'Bill', 12754),
(7, 'steam:110000100a8294c', 'ALI', 90150),
(8, 'steam:11000010670cfb3', 'Billy', 12754),
(9, 'Char3:110000100a8294c', 'Steve Wilson (Mech)', 66392),
(10, 'steam:1100001091a359d', 'John', 12109);

-- --------------------------------------------------------

--
-- Table structure for table `user_inventory`
--

CREATE TABLE `user_inventory` (
  `id` int(11) NOT NULL,
  `identifier` varchar(22) NOT NULL,
  `item` varchar(50) NOT NULL,
  `count` int(11) NOT NULL
) ENGINE=InnoDB DEFAULT CHARSET=latin1;

--
-- Dumping data for table `user_inventory`
--

INSERT INTO `user_inventory` (`id`, `identifier`, `item`, `count`) VALUES
(1, 'steam:110000100a8294c', 'stone', 0),
(2, 'steam:110000100a8294c', 'iron', 0),
(3, 'steam:110000100a8294c', 'wool', 0),
(4, 'steam:110000100a8294c', 'washed_stone', 0),
(5, 'steam:110000100a8294c', 'diamond', 0),
(6, 'steam:110000100a8294c', 'cutted_wood', 0),
(7, 'steam:110000100a8294c', 'fabric', 0),
(8, 'steam:110000100a8294c', 'slaughtered_chicken', 0),
(9, 'steam:110000100a8294c', 'petrol', 0),
(10, 'steam:110000100a8294c', 'copper', 0),
(11, 'steam:110000100a8294c', 'fish', 0),
(12, 'steam:110000100a8294c', 'packaged_plank', 0),
(13, 'steam:110000100a8294c', 'packaged_chicken', 0),
(14, 'steam:110000100a8294c', 'gold', 0),
(15, 'steam:110000100a8294c', 'wood', 0),
(16, 'steam:110000100a8294c', 'alive_chicken', 0),
(17, 'steam:110000100a8294c', 'petrol_raffin', 0),
(18, 'steam:110000100a8294c', 'clothe', 0),
(19, 'steam:110000100a8294c', 'essence', 0),
(20, 'steam:110000100a8294c', 'cannabis', 0),
(21, 'steam:110000100a8294c', 'xanax', 0),
(22, 'steam:110000100a8294c', 'marijuana', 0),
(23, 'steam:110000100a8294c', 'blackberry', 0),
(24, 'steam:110000100a8294c', 'carokit', 0),
(25, 'steam:110000100a8294c', 'fixkit', 0),
(26, 'steam:110000100a8294c', 'fixtool', 0),
(27, 'steam:110000100a8294c', 'gazbottle', 0),
(28, 'steam:110000100a8294c', 'carotool', 0),
(29, 'steam:110000100a8294c', 'blowpipe', 0),
(30, 'Char1:110000101917bfc', 'fish', 0),
(31, 'Char1:110000101917bfc', 'diamond', 0),
(32, 'Char1:110000101917bfc', 'xanax', 0),
(33, 'Char1:110000101917bfc', 'alive_chicken', 0),
(34, 'Char1:110000101917bfc', 'stone', 0),
(35, 'Char1:110000101917bfc', 'carokit', 0),
(36, 'Char1:110000101917bfc', 'copper', 0),
(37, 'Char1:110000101917bfc', 'wood', 0),
(38, 'Char1:110000101917bfc', 'fixtool', 0),
(39, 'Char1:110000101917bfc', 'petrol', 0),
(40, 'Char1:110000101917bfc', 'washed_stone', 0),
(41, 'Char1:110000101917bfc', 'cannabis', 0),
(42, 'Char1:110000101917bfc', 'petrol_raffin', 0),
(43, 'Char1:110000101917bfc', 'essence', 0),
(44, 'Char1:110000101917bfc', 'blowpipe', 0),
(45, 'Char1:110000101917bfc', 'slaughtered_chicken', 0),
(46, 'Char1:110000101917bfc', 'blackberry', 0),
(47, 'Char1:110000101917bfc', 'fixkit', 0),
(48, 'Char1:110000101917bfc', 'packaged_chicken', 0),
(49, 'Char1:110000101917bfc', 'marijuana', 0),
(50, 'Char1:110000101917bfc', 'cutted_wood', 0),
(51, 'Char1:110000101917bfc', 'gold', 0),
(52, 'Char1:110000101917bfc', 'fabric', 0),
(53, 'Char1:110000101917bfc', 'iron', 0),
(54, 'Char1:110000101917bfc', 'clothe', 0),
(55, 'Char1:110000101917bfc', 'gazbottle', 0),
(56, 'Char1:110000101917bfc', 'carotool', 0),
(57, 'Char1:110000101917bfc', 'packaged_plank', 0),
(58, 'Char1:110000101917bfc', 'wool', 0),
(59, 'steam:110000100a8294c', 'bandage', 0),
(60, 'steam:110000100a8294c', 'medikit', 0),
(61, 'Char2:110000100a8294c', 'wood', 0),
(62, 'Char2:110000100a8294c', 'cutted_wood', 0),
(63, 'Char2:110000100a8294c', 'iron', 0),
(64, 'Char2:110000100a8294c', 'copper', 0),
(65, 'Char2:110000100a8294c', 'slaughtered_chicken', 0),
(66, 'Char2:110000100a8294c', 'blowpipe', 0),
(67, 'Char2:110000100a8294c', 'alive_chicken', 0),
(68, 'Char2:110000100a8294c', 'xanax', 0),
(69, 'Char2:110000100a8294c', 'medikit', 5),
(70, 'Char2:110000100a8294c', 'cannabis', 0),
(71, 'Char2:110000100a8294c', 'essence', 0),
(72, 'Char2:110000100a8294c', 'clothe', 0),
(73, 'Char2:110000100a8294c', 'bandage', 20),
(74, 'Char2:110000100a8294c', 'washed_stone', 0),
(75, 'Char2:110000100a8294c', 'wool', 0),
(76, 'Char2:110000100a8294c', 'gazbottle', 0),
(77, 'Char2:110000100a8294c', 'stone', 0),
(78, 'Char2:110000100a8294c', 'fixkit', 0),
(79, 'Char2:110000100a8294c', 'blackberry', 0),
(80, 'Char2:110000100a8294c', 'petrol', 0),
(81, 'Char2:110000100a8294c', 'packaged_plank', 0),
(82, 'Char2:110000100a8294c', 'gold', 0),
(83, 'Char2:110000100a8294c', 'fish', 0),
(84, 'Char2:110000100a8294c', 'carotool', 0),
(85, 'Char2:110000100a8294c', 'packaged_chicken', 0),
(86, 'Char2:110000100a8294c', 'diamond', 0),
(87, 'Char2:110000100a8294c', 'marijuana', 0),
(88, 'Char2:110000100a8294c', 'fixtool', 0),
(89, 'Char2:110000100a8294c', 'carokit', 0),
(90, 'Char2:110000100a8294c', 'petrol_raffin', 0),
(91, 'Char2:110000100a8294c', 'fabric', 0),
(185, 'Char1:110000101917bfc', 'bandage', 20),
(186, 'Char1:110000101917bfc', 'medikit', 5),
(187, 'Char1:1100001139f4e45', 'stone', 0),
(188, 'Char1:1100001139f4e45', 'fabric', 0),
(189, 'Char1:1100001139f4e45', 'petrol', 0),
(190, 'Char1:1100001139f4e45', 'wool', 0),
(191, 'Char1:1100001139f4e45', 'iron', 0),
(192, 'Char1:1100001139f4e45', 'petrol_raffin', 0),
(193, 'Char1:1100001139f4e45', 'clothe', 0),
(194, 'Char1:1100001139f4e45', 'copper', 0),
(195, 'Char1:1100001139f4e45', 'washed_stone', 0),
(196, 'Char1:1100001139f4e45', 'slaughtered_chicken', 0),
(197, 'Char1:1100001139f4e45', 'bandage', 0),
(198, 'Char1:1100001139f4e45', 'xanax', 0),
(199, 'Char1:1100001139f4e45', 'packaged_plank', 0),
(200, 'Char1:1100001139f4e45', 'carotool', 0),
(201, 'Char1:1100001139f4e45', 'packaged_chicken', 0),
(202, 'Char1:1100001139f4e45', 'fixtool', 0),
(203, 'Char1:1100001139f4e45', 'fixkit', 0),
(204, 'Char1:1100001139f4e45', 'wood', 0),
(205, 'Char1:1100001139f4e45', 'marijuana', 0),
(206, 'Char1:1100001139f4e45', 'blackberry', 0),
(207, 'Char1:1100001139f4e45', 'gazbottle', 0),
(208, 'Char1:1100001139f4e45', 'cannabis', 0),
(209, 'Char1:1100001139f4e45', 'gold', 0),
(210, 'Char1:1100001139f4e45', 'diamond', 0),
(211, 'Char1:1100001139f4e45', 'fish', 0),
(212, 'Char1:1100001139f4e45', 'carokit', 0),
(213, 'Char1:1100001139f4e45', 'cutted_wood', 0),
(214, 'Char1:1100001139f4e45', 'essence', 0),
(215, 'Char1:1100001139f4e45', 'blowpipe', 0),
(216, 'Char1:1100001139f4e45', 'medikit', 0),
(217, 'Char1:1100001139f4e45', 'alive_chicken', 0),
(218, 'steam:11000010a700f57', 'fixkit', 0),
(219, 'steam:11000010a700f57', 'xanax', 0),
(220, 'steam:11000010a700f57', 'clothe', 0),
(221, 'steam:11000010a700f57', 'cutted_wood', 0),
(222, 'steam:11000010a700f57', 'packaged_chicken', 0),
(223, 'steam:11000010a700f57', 'fixtool', 0),
(224, 'steam:11000010a700f57', 'carotool', 0),
(225, 'steam:11000010a700f57', 'washed_stone', 0),
(226, 'steam:11000010a700f57', 'diamond', 0),
(227, 'steam:11000010a700f57', 'carokit', 0),
(228, 'steam:11000010a700f57', 'fish', 0),
(229, 'steam:11000010a700f57', 'gazbottle', 0),
(230, 'steam:11000010a700f57', 'medikit', 0),
(231, 'steam:11000010a700f57', 'stone', 0),
(232, 'steam:11000010a700f57', 'blowpipe', 0),
(233, 'steam:11000010a700f57', 'slaughtered_chicken', 0),
(234, 'steam:11000010a700f57', 'petrol_raffin', 0),
(235, 'steam:11000010a700f57', 'marijuana', 0),
(236, 'steam:11000010a700f57', 'packaged_plank', 0),
(237, 'steam:11000010a700f57', 'fabric', 0),
(238, 'steam:11000010a700f57', 'petrol', 0),
(239, 'steam:11000010a700f57', 'cannabis', 0),
(240, 'steam:11000010a700f57', 'iron', 0),
(241, 'steam:11000010a700f57', 'gold', 0),
(242, 'steam:11000010a700f57', 'essence', 0),
(243, 'steam:11000010a700f57', 'copper', 0),
(244, 'steam:11000010a700f57', 'wool', 0),
(245, 'steam:11000010a700f57', 'bandage', 0),
(246, 'steam:11000010a700f57', 'alive_chicken', 0),
(247, 'steam:11000010a700f57', 'blackberry', 0),
(248, 'steam:11000010a700f57', 'wood', 0),
(280, 'steam:11000010670cfb3', 'fixkit', 0),
(281, 'steam:11000010670cfb3', 'xanax', 0),
(282, 'steam:11000010670cfb3', 'clothe', 0),
(283, 'steam:11000010670cfb3', 'cutted_wood', 0),
(284, 'steam:11000010670cfb3', 'packaged_chicken', 0),
(285, 'steam:11000010670cfb3', 'fixtool', 0),
(286, 'steam:11000010670cfb3', 'carotool', 0),
(287, 'steam:11000010670cfb3', 'washed_stone', 0),
(288, 'steam:11000010670cfb3', 'diamond', 0),
(289, 'steam:11000010670cfb3', 'carokit', 0),
(290, 'steam:11000010670cfb3', 'fish', 0),
(291, 'steam:11000010670cfb3', 'gazbottle', 0),
(292, 'steam:11000010670cfb3', 'medikit', 0),
(293, 'steam:11000010670cfb3', 'stone', 0),
(294, 'steam:11000010670cfb3', 'blowpipe', 0),
(295, 'steam:11000010670cfb3', 'slaughtered_chicken', 0),
(296, 'steam:11000010670cfb3', 'petrol_raffin', 0),
(297, 'steam:11000010670cfb3', 'marijuana', 0),
(298, 'steam:11000010670cfb3', 'packaged_plank', 0),
(299, 'steam:11000010670cfb3', 'fabric', 0),
(300, 'steam:11000010670cfb3', 'petrol', 0),
(301, 'steam:11000010670cfb3', 'cannabis', 0),
(302, 'steam:11000010670cfb3', 'iron', 0),
(303, 'steam:11000010670cfb3', 'gold', 0),
(304, 'steam:11000010670cfb3', 'essence', 0),
(305, 'steam:11000010670cfb3', 'copper', 0),
(306, 'steam:11000010670cfb3', 'wool', 0),
(307, 'steam:11000010670cfb3', 'bandage', 0),
(308, 'steam:11000010670cfb3', 'alive_chicken', 0),
(309, 'steam:11000010670cfb3', 'blackberry', 0),
(310, 'steam:11000010670cfb3', 'wood', 0),
(311, 'steam:11000010cae89f6', 'fixkit', 0),
(312, 'steam:11000010cae89f6', 'xanax', 0),
(313, 'steam:11000010cae89f6', 'clothe', 0),
(314, 'steam:11000010cae89f6', 'cutted_wood', 0),
(315, 'steam:11000010cae89f6', 'packaged_chicken', 0),
(316, 'steam:11000010cae89f6', 'fixtool', 0),
(317, 'steam:11000010cae89f6', 'carotool', 0),
(318, 'steam:11000010cae89f6', 'washed_stone', 0),
(319, 'steam:11000010cae89f6', 'diamond', 0),
(320, 'steam:11000010cae89f6', 'carokit', 0),
(321, 'steam:11000010cae89f6', 'fish', 0),
(322, 'steam:11000010cae89f6', 'gazbottle', 0),
(323, 'steam:11000010cae89f6', 'medikit', 0),
(324, 'steam:11000010cae89f6', 'stone', 0),
(325, 'steam:11000010cae89f6', 'blowpipe', 0),
(326, 'steam:11000010cae89f6', 'slaughtered_chicken', 0),
(327, 'steam:11000010cae89f6', 'petrol_raffin', 0),
(328, 'steam:11000010cae89f6', 'marijuana', 0),
(329, 'steam:11000010cae89f6', 'packaged_plank', 0),
(330, 'steam:11000010cae89f6', 'fabric', 0),
(331, 'steam:11000010cae89f6', 'petrol', 0),
(332, 'steam:11000010cae89f6', 'cannabis', 0),
(333, 'steam:11000010cae89f6', 'iron', 0),
(334, 'steam:11000010cae89f6', 'gold', 0),
(335, 'steam:11000010cae89f6', 'essence', 0),
(336, 'steam:11000010cae89f6', 'copper', 0),
(337, 'steam:11000010cae89f6', 'wool', 0),
(338, 'steam:11000010cae89f6', 'bandage', 0),
(339, 'steam:11000010cae89f6', 'alive_chicken', 0),
(340, 'steam:11000010cae89f6', 'blackberry', 0),
(341, 'steam:11000010cae89f6', 'wood', 0),
(342, 'steam:110000100a8294c', 'clip', 0),
(343, 'steam:11000010cae89f6', 'clip', 0),
(344, 'Char1:110000108be35c6', 'cutted_wood', 0),
(345, 'Char1:110000108be35c6', 'iron', 0),
(346, 'Char1:110000108be35c6', 'petrol_raffin', 0),
(347, 'Char1:110000108be35c6', 'washed_stone', 0),
(348, 'Char1:110000108be35c6', 'petrol', 0),
(349, 'Char1:110000108be35c6', 'clothe', 0),
(350, 'Char1:110000108be35c6', 'copper', 0),
(351, 'Char1:110000108be35c6', 'clip', 0),
(352, 'Char1:110000108be35c6', 'xanax', 0),
(353, 'Char1:110000108be35c6', 'fabric', 0),
(354, 'Char1:110000108be35c6', 'carotool', 0),
(355, 'Char1:110000108be35c6', 'wool', 0),
(356, 'Char1:110000108be35c6', 'blackberry', 0),
(357, 'Char1:110000108be35c6', 'cannabis', 0),
(358, 'Char1:110000108be35c6', 'diamond', 0),
(359, 'Char1:110000108be35c6', 'packaged_chicken', 0),
(360, 'Char1:110000108be35c6', 'medikit', 0),
(361, 'Char1:110000108be35c6', 'wood', 0),
(362, 'Char1:110000108be35c6', 'stone', 0),
(363, 'Char1:110000108be35c6', 'fixtool', 0),
(364, 'Char1:110000108be35c6', 'marijuana', 0),
(365, 'Char1:110000108be35c6', 'fixkit', 0),
(366, 'Char1:110000108be35c6', 'packaged_plank', 0),
(367, 'Char1:110000108be35c6', 'gazbottle', 0),
(368, 'Char1:110000108be35c6', 'blowpipe', 0),
(369, 'Char1:110000108be35c6', 'fish', 0),
(370, 'Char1:110000108be35c6', 'carokit', 0),
(371, 'Char1:110000108be35c6', 'gold', 0),
(372, 'Char1:110000108be35c6', 'slaughtered_chicken', 0),
(373, 'Char1:110000108be35c6', 'bandage', 0),
(374, 'Char1:110000108be35c6', 'alive_chicken', 0),
(375, 'Char1:110000108be35c6', 'essence', 0),
(376, 'steam:11000010a700f57', 'clip', 0),
(377, 'steam:110000100a8294c', 'bread', 3),
(378, 'steam:110000100a8294c', 'water', 5),
(379, 'steam:11000010530efb9', 'marijuana', 0),
(380, 'steam:11000010530efb9', 'fixkit', 0),
(381, 'steam:11000010530efb9', 'slaughtered_chicken', 0),
(382, 'steam:11000010530efb9', 'cutted_wood', 0),
(383, 'steam:11000010530efb9', 'fixtool', 0),
(384, 'steam:11000010530efb9', 'fish', 0),
(385, 'steam:11000010530efb9', 'carokit', 0),
(386, 'steam:11000010530efb9', 'wood', 20),
(387, 'steam:11000010530efb9', 'petrol', 0),
(388, 'steam:11000010530efb9', 'carotool', 0),
(389, 'steam:11000010530efb9', 'clip', 0),
(390, 'steam:11000010530efb9', 'medikit', 0),
(391, 'steam:11000010530efb9', 'gold', 0),
(392, 'steam:11000010530efb9', 'washed_stone', 0),
(393, 'steam:11000010530efb9', 'petrol_raffin', 0),
(394, 'steam:11000010530efb9', 'water', 3),
(395, 'steam:11000010530efb9', 'packaged_chicken', 0),
(396, 'steam:11000010530efb9', 'diamond', 0),
(397, 'steam:11000010530efb9', 'copper', 0),
(398, 'steam:11000010530efb9', 'bread', 4),
(399, 'steam:11000010530efb9', 'clothe', 0),
(400, 'steam:11000010530efb9', 'iron', 0),
(401, 'steam:11000010530efb9', 'xanax', 0),
(402, 'steam:11000010530efb9', 'gazbottle', 0),
(403, 'steam:11000010530efb9', 'bandage', 0),
(404, 'steam:11000010530efb9', 'wool', 0),
(405, 'steam:11000010530efb9', 'cannabis', 0),
(406, 'steam:11000010530efb9', 'fabric', 0),
(407, 'steam:11000010530efb9', 'blackberry', 0),
(408, 'steam:11000010530efb9', 'stone', 0),
(409, 'steam:11000010530efb9', 'alive_chicken', 0),
(410, 'steam:11000010530efb9', 'packaged_plank', 0),
(411, 'steam:11000010530efb9', 'essence', 0),
(412, 'steam:11000010530efb9', 'blowpipe', 0),
(413, 'steam:11000010a700f57', 'water', 0),
(414, 'steam:11000010a700f57', 'bread', 0),
(415, 'Char1:110000108be35c6', 'bread', 3),
(416, 'Char1:110000108be35c6', 'water', 3),
(417, 'steam:11000010670cfb3', 'bread', 1),
(418, 'steam:11000010670cfb3', 'clip', 0),
(419, 'steam:11000010670cfb3', 'water', 1),
(420, 'steam:1100001063b7cc2', 'essence', 0),
(421, 'steam:1100001063b7cc2', 'marijuana', 0),
(422, 'steam:1100001063b7cc2', 'stone', 0),
(423, 'steam:1100001063b7cc2', 'gold', 0),
(424, 'steam:1100001063b7cc2', 'carokit', 0),
(425, 'steam:1100001063b7cc2', 'fixtool', 0),
(426, 'steam:1100001063b7cc2', 'fixkit', 0),
(427, 'steam:1100001063b7cc2', 'xanax', 0),
(428, 'steam:1100001063b7cc2', 'petrol', 0),
(429, 'steam:1100001063b7cc2', 'blackberry', 0),
(430, 'steam:1100001063b7cc2', 'slaughtered_chicken', 0),
(431, 'steam:1100001063b7cc2', 'washed_stone', 0),
(432, 'steam:1100001063b7cc2', 'packaged_chicken', 0),
(433, 'steam:1100001063b7cc2', 'carotool', 0),
(434, 'steam:1100001063b7cc2', 'medikit', 0),
(435, 'steam:1100001063b7cc2', 'packaged_plank', 0),
(436, 'steam:1100001063b7cc2', 'iron', 0),
(437, 'steam:1100001063b7cc2', 'copper', 0),
(438, 'steam:1100001063b7cc2', 'wool', 0),
(439, 'steam:1100001063b7cc2', 'cannabis', 0),
(440, 'steam:1100001063b7cc2', 'water', 0),
(441, 'steam:1100001063b7cc2', 'fish', 0),
(442, 'steam:1100001063b7cc2', 'blowpipe', 0),
(443, 'steam:1100001063b7cc2', 'clip', 0),
(444, 'steam:1100001063b7cc2', 'cutted_wood', 0),
(445, 'steam:1100001063b7cc2', 'gazbottle', 0),
(446, 'steam:1100001063b7cc2', 'fabric', 0),
(447, 'steam:1100001063b7cc2', 'bandage', 0),
(448, 'steam:1100001063b7cc2', 'clothe', 0),
(449, 'steam:1100001063b7cc2', 'alive_chicken', 0),
(450, 'steam:1100001063b7cc2', 'wood', 0),
(451, 'steam:1100001063b7cc2', 'bread', 0),
(452, 'steam:1100001063b7cc2', 'petrol_raffin', 0),
(453, 'steam:1100001063b7cc2', 'diamond', 0),
(454, 'steam:110000100a8294c', 'jewels', 0),
(455, 'Char1:110000108be35c6', 'jewels', 0),
(456, 'Char1:110000101917bfc', 'clip', 0),
(457, 'Char1:110000101917bfc', 'bread', 2),
(458, 'Char1:110000101917bfc', 'jewels', 0),
(459, 'Char1:110000101917bfc', 'water', 3),
(495, 'steam:110000136441712', 'gold', 0),
(496, 'steam:110000136441712', 'iron', 0),
(497, 'steam:110000136441712', 'clothe', 0),
(498, 'steam:110000136441712', 'petrol_raffin', 0),
(499, 'steam:110000136441712', 'fabric', 0),
(500, 'steam:110000136441712', 'carokit', 0),
(501, 'steam:110000136441712', 'stone', 0),
(502, 'steam:110000136441712', 'wood', 0),
(503, 'steam:110000136441712', 'packaged_plank', 0),
(504, 'steam:110000136441712', 'jewels', 0),
(505, 'steam:110000136441712', 'wool', 0),
(506, 'steam:110000136441712', 'medikit', 5),
(507, 'steam:110000136441712', 'alive_chicken', 0),
(508, 'steam:110000136441712', 'diamond', 0),
(509, 'steam:110000136441712', 'fixtool', 0),
(510, 'steam:110000136441712', 'essence', 0),
(511, 'steam:110000136441712', 'water', 0),
(512, 'steam:110000136441712', 'cannabis', 0),
(513, 'steam:110000136441712', 'slaughtered_chicken', 0),
(514, 'steam:110000136441712', 'fixkit', 0),
(515, 'steam:110000136441712', 'marijuana', 0),
(516, 'steam:110000136441712', 'petrol', 0),
(517, 'steam:110000136441712', 'xanax', 0),
(518, 'steam:110000136441712', 'cutted_wood', 0),
(519, 'steam:110000136441712', 'bandage', 20),
(520, 'steam:110000136441712', 'packaged_chicken', 0),
(521, 'steam:110000136441712', 'washed_stone', 0),
(522, 'steam:110000136441712', 'clip', 0),
(523, 'steam:110000136441712', 'blowpipe', 0),
(524, 'steam:110000136441712', 'carotool', 0),
(525, 'steam:110000136441712', 'copper', 0),
(526, 'steam:110000136441712', 'bread', 0),
(527, 'steam:110000136441712', 'fish', 0),
(528, 'steam:110000136441712', 'gazbottle', 0),
(529, 'steam:110000136441712', 'blackberry', 0),
(530, 'Char2:110000100a8294c', 'jewels', 0),
(531, 'Char2:110000100a8294c', 'water', 0),
(532, 'Char2:110000100a8294c', 'clip', 0),
(533, 'Char2:110000100a8294c', 'bread', 0),
(534, 'steam:11000010530efb9', 'jewels', 0),
(535, 'steam:110000108be35c6', 'fish', 0),
(536, 'steam:110000108be35c6', 'medikit', 0),
(537, 'steam:110000108be35c6', 'carotool', 0),
(538, 'steam:110000108be35c6', 'jewels', 0),
(539, 'steam:110000108be35c6', 'carokit', 0),
(540, 'steam:110000108be35c6', 'bandage', 0),
(541, 'steam:110000108be35c6', 'fabric', 0),
(542, 'steam:110000108be35c6', 'gazbottle', 0),
(543, 'steam:110000108be35c6', 'essence', 0),
(544, 'steam:110000108be35c6', 'fixtool', 0),
(545, 'steam:110000108be35c6', 'petrol', 0),
(546, 'steam:110000108be35c6', 'alive_chicken', 0),
(547, 'steam:110000108be35c6', 'clothe', 0),
(548, 'steam:110000108be35c6', 'diamond', 0),
(549, 'steam:110000108be35c6', 'packaged_plank', 0),
(550, 'steam:110000108be35c6', 'bread', 3),
(551, 'steam:110000108be35c6', 'blackberry', 0),
(552, 'steam:110000108be35c6', 'packaged_chicken', 0),
(553, 'steam:110000108be35c6', 'marijuana', 0),
(554, 'steam:110000108be35c6', 'wood', 0),
(555, 'steam:110000108be35c6', 'water', 1),
(556, 'steam:110000108be35c6', 'wool', 0),
(557, 'steam:110000108be35c6', 'cutted_wood', 0),
(558, 'steam:110000108be35c6', 'washed_stone', 0),
(559, 'steam:110000108be35c6', 'fixkit', 0),
(560, 'steam:110000108be35c6', 'petrol_raffin', 0),
(561, 'steam:110000108be35c6', 'stone', 0),
(562, 'steam:110000108be35c6', 'slaughtered_chicken', 0),
(563, 'steam:110000108be35c6', 'clip', 0),
(564, 'steam:110000108be35c6', 'blowpipe', 0),
(565, 'steam:110000108be35c6', 'gold', 0),
(566, 'steam:110000108be35c6', 'copper', 0),
(567, 'steam:110000108be35c6', 'xanax', 0),
(568, 'steam:110000108be35c6', 'iron', 0),
(569, 'steam:110000108be35c6', 'cannabis', 0),
(570, 'steam:1100001139f4e45', 'petrol', 0),
(571, 'steam:1100001139f4e45', 'fixtool', 0),
(572, 'steam:1100001139f4e45', 'packaged_chicken', 0),
(573, 'steam:1100001139f4e45', 'bandage', 0),
(574, 'steam:1100001139f4e45', 'cutted_wood', 0),
(575, 'steam:1100001139f4e45', 'washed_stone', 0),
(576, 'steam:1100001139f4e45', 'cannabis', 0),
(577, 'steam:1100001139f4e45', 'copper', 0),
(578, 'steam:1100001139f4e45', 'diamond', 0),
(579, 'steam:1100001139f4e45', 'xanax', 0),
(580, 'steam:1100001139f4e45', 'medikit', 0),
(581, 'steam:1100001139f4e45', 'water', 0),
(582, 'steam:1100001139f4e45', 'packaged_plank', 0),
(583, 'steam:1100001139f4e45', 'jewels', 0),
(584, 'steam:1100001139f4e45', 'carokit', 0),
(585, 'steam:1100001139f4e45', 'blowpipe', 0),
(586, 'steam:1100001139f4e45', 'clip', 0),
(587, 'steam:1100001139f4e45', 'slaughtered_chicken', 0),
(588, 'steam:1100001139f4e45', 'carotool', 0),
(589, 'steam:1100001139f4e45', 'gazbottle', 0),
(590, 'steam:1100001139f4e45', 'bread', 0),
(591, 'steam:1100001139f4e45', 'gold', 0),
(592, 'steam:1100001139f4e45', 'clothe', 0),
(593, 'steam:1100001139f4e45', 'marijuana', 0),
(594, 'steam:1100001139f4e45', 'wool', 0),
(595, 'steam:1100001139f4e45', 'wood', 0),
(596, 'steam:1100001139f4e45', 'essence', 0),
(597, 'steam:1100001139f4e45', 'stone', 0),
(598, 'steam:1100001139f4e45', 'petrol_raffin', 0),
(599, 'steam:1100001139f4e45', 'fabric', 0),
(600, 'steam:1100001139f4e45', 'iron', 0),
(601, 'steam:1100001139f4e45', 'fixkit', 0),
(602, 'steam:1100001139f4e45', 'blackberry', 0),
(603, 'steam:1100001139f4e45', 'fish', 0),
(604, 'steam:1100001139f4e45', 'alive_chicken', 0),
(605, 'steam:1100001337336fa', 'cannabis', 0),
(606, 'steam:1100001337336fa', 'blackberry', 0),
(607, 'steam:1100001337336fa', 'fish', 0),
(608, 'steam:1100001337336fa', 'petrol', 0),
(609, 'steam:1100001337336fa', 'cutted_wood', 0),
(610, 'steam:1100001337336fa', 'xanax', 0),
(611, 'steam:1100001337336fa', 'iron', 0),
(612, 'steam:1100001337336fa', 'packaged_chicken', 0),
(613, 'steam:1100001337336fa', 'clip', 0),
(614, 'steam:1100001337336fa', 'marijuana', 0),
(615, 'steam:1100001337336fa', 'clothe', 0),
(616, 'steam:1100001337336fa', 'blowpipe', 0),
(617, 'steam:1100001337336fa', 'fixtool', 0),
(618, 'steam:1100001337336fa', 'medikit', 0),
(619, 'steam:1100001337336fa', 'packaged_plank', 0),
(620, 'steam:1100001337336fa', 'essence', 0),
(621, 'steam:1100001337336fa', 'copper', 0),
(622, 'steam:1100001337336fa', 'carokit', 0),
(623, 'steam:1100001337336fa', 'gold', 0),
(624, 'steam:1100001337336fa', 'diamond', 0),
(625, 'steam:1100001337336fa', 'stone', 0),
(626, 'steam:1100001337336fa', 'washed_stone', 0),
(627, 'steam:1100001337336fa', 'wool', 0),
(628, 'steam:1100001337336fa', 'gazbottle', 0),
(629, 'steam:1100001337336fa', 'wood', 0),
(630, 'steam:1100001337336fa', 'fabric', 0),
(631, 'steam:1100001337336fa', 'bread', 0),
(632, 'steam:1100001337336fa', 'water', 0),
(633, 'steam:1100001337336fa', 'carotool', 0),
(634, 'steam:1100001337336fa', 'fixkit', 0),
(635, 'steam:1100001337336fa', 'jewels', 0),
(636, 'steam:1100001337336fa', 'slaughtered_chicken', 0),
(637, 'steam:1100001337336fa', 'alive_chicken', 0),
(638, 'steam:1100001337336fa', 'petrol_raffin', 0),
(639, 'steam:1100001337336fa', 'bandage', 0),
(640, 'steam:1100001050a5e61', 'cannabis', 0),
(641, 'steam:1100001050a5e61', 'blackberry', 0),
(642, 'steam:1100001050a5e61', 'fish', 0),
(643, 'steam:1100001050a5e61', 'petrol', 0),
(644, 'steam:1100001050a5e61', 'cutted_wood', 0),
(645, 'steam:1100001050a5e61', 'xanax', 0),
(646, 'steam:1100001050a5e61', 'iron', 0),
(647, 'steam:1100001050a5e61', 'packaged_chicken', 0),
(648, 'steam:1100001050a5e61', 'clip', 0),
(649, 'steam:1100001050a5e61', 'marijuana', 0),
(650, 'steam:1100001050a5e61', 'clothe', 0),
(651, 'steam:1100001050a5e61', 'blowpipe', 0),
(652, 'steam:1100001050a5e61', 'fixtool', 0),
(653, 'steam:1100001050a5e61', 'medikit', 0),
(654, 'steam:1100001050a5e61', 'packaged_plank', 0),
(655, 'steam:1100001050a5e61', 'essence', 0),
(656, 'steam:1100001050a5e61', 'copper', 0),
(657, 'steam:1100001050a5e61', 'carokit', 0),
(658, 'steam:1100001050a5e61', 'gold', 0),
(659, 'steam:1100001050a5e61', 'diamond', 0),
(660, 'steam:1100001050a5e61', 'stone', 0),
(661, 'steam:1100001050a5e61', 'washed_stone', 0),
(662, 'steam:1100001050a5e61', 'wool', 0),
(663, 'steam:1100001050a5e61', 'gazbottle', 0),
(664, 'steam:1100001050a5e61', 'wood', 0),
(665, 'steam:1100001050a5e61', 'fabric', 0),
(666, 'steam:1100001050a5e61', 'bread', 0),
(667, 'steam:1100001050a5e61', 'water', 0),
(668, 'steam:1100001050a5e61', 'carotool', 0),
(669, 'steam:1100001050a5e61', 'fixkit', 0),
(670, 'steam:1100001050a5e61', 'jewels', 0),
(671, 'steam:1100001050a5e61', 'slaughtered_chicken', 0),
(672, 'steam:1100001050a5e61', 'alive_chicken', 0),
(673, 'steam:1100001050a5e61', 'petrol_raffin', 0),
(674, 'steam:1100001050a5e61', 'bandage', 0),
(675, 'steam:110000117f1fdc6', 'clothe', 0),
(676, 'steam:110000117f1fdc6', 'water', 0),
(677, 'steam:110000117f1fdc6', 'stone', 0),
(678, 'steam:110000117f1fdc6', 'fixkit', 0),
(679, 'steam:110000117f1fdc6', 'bread', 0),
(680, 'steam:110000117f1fdc6', 'gold', 0),
(681, 'steam:110000117f1fdc6', 'wood', 0),
(682, 'steam:110000117f1fdc6', 'packaged_chicken', 0),
(683, 'steam:110000117f1fdc6', 'packaged_plank', 0),
(684, 'steam:110000117f1fdc6', 'fish', 0),
(685, 'steam:110000117f1fdc6', 'iron', 0),
(686, 'steam:110000117f1fdc6', 'essence', 0),
(687, 'steam:110000117f1fdc6', 'petrol_raffin', 0),
(688, 'steam:110000117f1fdc6', 'clip', 0),
(689, 'steam:110000117f1fdc6', 'diamond', 0),
(690, 'steam:110000117f1fdc6', 'xanax', 0),
(691, 'steam:110000117f1fdc6', 'slaughtered_chicken', 0),
(692, 'steam:110000117f1fdc6', 'gazbottle', 0),
(693, 'steam:110000117f1fdc6', 'petrol', 0),
(694, 'steam:110000117f1fdc6', 'blowpipe', 0),
(695, 'steam:110000117f1fdc6', 'carokit', 0),
(696, 'steam:110000117f1fdc6', 'wool', 0),
(697, 'steam:110000117f1fdc6', 'cannabis', 0),
(698, 'steam:110000117f1fdc6', 'marijuana', 0),
(699, 'steam:110000117f1fdc6', 'blackberry', 0),
(700, 'steam:110000117f1fdc6', 'washed_stone', 0),
(701, 'steam:110000117f1fdc6', 'fabric', 0),
(702, 'steam:110000117f1fdc6', 'bandage', 0),
(703, 'steam:110000117f1fdc6', 'fixtool', 0),
(704, 'steam:110000117f1fdc6', 'medikit', 0),
(705, 'steam:110000117f1fdc6', 'cutted_wood', 0),
(706, 'steam:110000117f1fdc6', 'carotool', 0),
(707, 'steam:110000117f1fdc6', 'jewels', 0),
(708, 'steam:110000117f1fdc6', 'copper', 0),
(709, 'steam:110000117f1fdc6', 'alive_chicken', 0),
(710, 'steam:11000011895b45c', 'clothe', 0),
(711, 'steam:11000011895b45c', 'water', 0),
(712, 'steam:11000011895b45c', 'stone', 0),
(713, 'steam:11000011895b45c', 'fixkit', 0),
(714, 'steam:11000011895b45c', 'bread', 0),
(715, 'steam:11000011895b45c', 'gold', 0),
(716, 'steam:11000011895b45c', 'wood', 0),
(717, 'steam:11000011895b45c', 'packaged_chicken', 0),
(718, 'steam:11000011895b45c', 'packaged_plank', 0),
(719, 'steam:11000011895b45c', 'fish', 0),
(720, 'steam:11000011895b45c', 'iron', 0),
(721, 'steam:11000011895b45c', 'essence', 0),
(722, 'steam:11000011895b45c', 'petrol_raffin', 0),
(723, 'steam:11000011895b45c', 'clip', 0),
(724, 'steam:11000011895b45c', 'diamond', 0),
(725, 'steam:11000011895b45c', 'xanax', 0),
(726, 'steam:11000011895b45c', 'slaughtered_chicken', 0),
(727, 'steam:11000011895b45c', 'gazbottle', 0),
(728, 'steam:11000011895b45c', 'petrol', 0),
(729, 'steam:11000011895b45c', 'blowpipe', 0),
(730, 'steam:11000011895b45c', 'carokit', 0),
(731, 'steam:11000011895b45c', 'wool', 0),
(732, 'steam:11000011895b45c', 'cannabis', 0),
(733, 'steam:11000011895b45c', 'marijuana', 0),
(734, 'steam:11000011895b45c', 'blackberry', 0),
(735, 'steam:11000011895b45c', 'washed_stone', 0),
(736, 'steam:11000011895b45c', 'fabric', 0),
(737, 'steam:11000011895b45c', 'bandage', 0),
(738, 'steam:11000011895b45c', 'fixtool', 0),
(739, 'steam:11000011895b45c', 'medikit', 0),
(740, 'steam:11000011895b45c', 'cutted_wood', 0),
(741, 'steam:11000011895b45c', 'carotool', 0),
(742, 'steam:11000011895b45c', 'jewels', 0),
(743, 'steam:11000011895b45c', 'copper', 0),
(744, 'steam:11000011895b45c', 'alive_chicken', 0),
(745, 'steam:110000111bca201', 'diamond', 0),
(746, 'steam:110000111bca201', 'carotool', 0),
(747, 'steam:110000111bca201', 'cutted_wood', 0),
(748, 'steam:110000111bca201', 'stone', 0),
(749, 'steam:110000111bca201', 'bandage', 0),
(750, 'steam:110000111bca201', 'marijuana', 0),
(751, 'steam:110000111bca201', 'petrol_raffin', 0),
(752, 'steam:110000111bca201', 'gazbottle', 0),
(753, 'steam:110000111bca201', 'alive_chicken', 0),
(754, 'steam:110000111bca201', 'fixkit', 0),
(755, 'steam:110000111bca201', 'jewels', 0),
(756, 'steam:110000111bca201', 'blackberry', 0),
(757, 'steam:110000111bca201', 'petrol', 0),
(758, 'steam:110000111bca201', 'packaged_chicken', 0),
(759, 'steam:110000111bca201', 'fabric', 0),
(760, 'steam:110000111bca201', 'wood', 0),
(761, 'steam:110000111bca201', 'iron', 0),
(762, 'steam:110000111bca201', 'blowpipe', 0),
(763, 'steam:110000111bca201', 'gold', 0),
(764, 'steam:110000111bca201', 'carokit', 0),
(765, 'steam:110000111bca201', 'fish', 0),
(766, 'steam:110000111bca201', 'essence', 0),
(767, 'steam:110000111bca201', 'cannabis', 0),
(768, 'steam:110000111bca201', 'clip', 0),
(769, 'steam:110000111bca201', 'wool', 0),
(770, 'steam:110000111bca201', 'water', 0),
(771, 'steam:110000111bca201', 'clothe', 0),
(772, 'steam:110000111bca201', 'washed_stone', 0),
(773, 'steam:110000111bca201', 'fixtool', 0),
(774, 'steam:110000111bca201', 'slaughtered_chicken', 0),
(775, 'steam:110000111bca201', 'bread', 0),
(776, 'steam:110000111bca201', 'copper', 0),
(777, 'steam:110000111bca201', 'medikit', 0),
(778, 'steam:110000111bca201', 'xanax', 0),
(779, 'steam:110000111bca201', 'packaged_plank', 0),
(780, 'steam:110000100a8294c', 'opium', 0),
(781, 'steam:110000100a8294c', 'moonshine', 0),
(782, 'steam:110000100a8294c', 'moonshine_pooch', 0),
(783, 'steam:110000100a8294c', 'opium_pooch', 0),
(784, 'steam:110000100a8294c', 'coke', 0),
(785, 'steam:110000100a8294c', 'meth', 0),
(786, 'steam:110000100a8294c', 'meth_pooch', 0),
(787, 'steam:110000100a8294c', 'coke_pooch', 0),
(788, 'steam:110000100a8294c', 'weed_pooch', 0),
(789, 'steam:110000108be35c6', 'opium', 0),
(790, 'steam:110000108be35c6', 'moonshine', 0),
(791, 'steam:110000108be35c6', 'moonshine_pooch', 0),
(792, 'steam:110000108be35c6', 'opium_pooch', 0),
(793, 'steam:110000108be35c6', 'coke', 0),
(794, 'steam:110000108be35c6', 'meth', 0),
(795, 'steam:110000108be35c6', 'meth_pooch', 0),
(796, 'steam:110000108be35c6', 'coke_pooch', 0),
(797, 'steam:110000108be35c6', 'weed_pooch', 0),
(798, 'Char1:110000108be35c6', 'opium', 0),
(799, 'Char1:110000108be35c6', 'moonshine', 0),
(800, 'Char1:110000108be35c6', 'moonshine_pooch', 0),
(801, 'Char1:110000108be35c6', 'opium_pooch', 0),
(802, 'Char1:110000108be35c6', 'coke', 0),
(803, 'Char1:110000108be35c6', 'meth', 0),
(804, 'Char1:110000108be35c6', 'meth_pooch', 0),
(805, 'Char1:110000108be35c6', 'coke_pooch', 0),
(806, 'Char1:110000108be35c6', 'weed_pooch', 9),
(807, 'steam:110000100a8294c', 'weed', 0),
(808, 'Char1:110000108be35c6', 'weed', 0),
(854, 'steam:110000104b06470', 'moonshine', 0),
(855, 'steam:110000104b06470', 'wool', 0),
(856, 'steam:110000104b06470', 'meth', 0),
(857, 'steam:110000104b06470', 'wood', 0),
(858, 'steam:110000104b06470', 'fish', 0),
(859, 'steam:110000104b06470', 'jewels', 0),
(860, 'steam:110000104b06470', 'iron', 0),
(861, 'steam:110000104b06470', 'packaged_chicken', 0),
(862, 'steam:110000104b06470', 'packaged_plank', 0),
(863, 'steam:110000104b06470', 'bandage', 0),
(864, 'steam:110000104b06470', 'petrol', 0),
(865, 'steam:110000104b06470', 'alive_chicken', 0),
(866, 'steam:110000104b06470', 'water', 0),
(867, 'steam:110000104b06470', 'moonshine_pooch', 0),
(868, 'steam:110000104b06470', 'slaughtered_chicken', 0),
(869, 'steam:110000104b06470', 'gold', 0),
(870, 'steam:110000104b06470', 'xanax', 0),
(871, 'steam:110000104b06470', 'meth_pooch', 0),
(872, 'steam:110000104b06470', 'carokit', 0),
(873, 'steam:110000104b06470', 'blowpipe', 0),
(874, 'steam:110000104b06470', 'opium_pooch', 0),
(875, 'steam:110000104b06470', 'marijuana', 0),
(876, 'steam:110000104b06470', 'fixkit', 0),
(877, 'steam:110000104b06470', 'coke', 0),
(878, 'steam:110000104b06470', 'washed_stone', 0),
(879, 'steam:110000104b06470', 'stone', 0),
(880, 'steam:110000104b06470', 'petrol_raffin', 0),
(881, 'steam:110000104b06470', 'clip', 0),
(882, 'steam:110000104b06470', 'coke_pooch', 0),
(883, 'steam:110000104b06470', 'weed', 0),
(884, 'steam:110000104b06470', 'essence', 0),
(885, 'steam:110000104b06470', 'copper', 0),
(886, 'steam:110000104b06470', 'opium', 0),
(887, 'steam:110000104b06470', 'weed_pooch', 0),
(888, 'steam:110000104b06470', 'medikit', 0),
(889, 'steam:110000104b06470', 'carotool', 0),
(890, 'steam:110000104b06470', 'gazbottle', 0),
(891, 'steam:110000104b06470', 'fabric', 0),
(892, 'steam:110000104b06470', 'diamond', 0),
(893, 'steam:110000104b06470', 'cannabis', 0),
(894, 'steam:110000104b06470', 'fixtool', 0),
(895, 'steam:110000104b06470', 'bread', 0),
(896, 'steam:110000104b06470', 'clothe', 0),
(897, 'steam:110000104b06470', 'cutted_wood', 0),
(898, 'steam:110000104b06470', 'blackberry', 0),
(899, 'Char3:110000100a8294c', 'moonshine', 0),
(900, 'Char3:110000100a8294c', 'wool', 0),
(901, 'Char3:110000100a8294c', 'meth', 0),
(902, 'Char3:110000100a8294c', 'wood', 0),
(903, 'Char3:110000100a8294c', 'fish', 0),
(904, 'Char3:110000100a8294c', 'jewels', 0),
(905, 'Char3:110000100a8294c', 'iron', 0),
(906, 'Char3:110000100a8294c', 'packaged_chicken', 0),
(907, 'Char3:110000100a8294c', 'packaged_plank', 0),
(908, 'Char3:110000100a8294c', 'bandage', 0),
(909, 'Char3:110000100a8294c', 'petrol', 0),
(910, 'Char3:110000100a8294c', 'alive_chicken', 0),
(911, 'Char3:110000100a8294c', 'water', 0),
(912, 'Char3:110000100a8294c', 'moonshine_pooch', 0),
(913, 'Char3:110000100a8294c', 'slaughtered_chicken', 0),
(914, 'Char3:110000100a8294c', 'gold', 0),
(915, 'Char3:110000100a8294c', 'xanax', 0),
(916, 'Char3:110000100a8294c', 'meth_pooch', 0),
(917, 'Char3:110000100a8294c', 'carokit', 0),
(918, 'Char3:110000100a8294c', 'blowpipe', 0),
(919, 'Char3:110000100a8294c', 'opium_pooch', 0),
(920, 'Char3:110000100a8294c', 'marijuana', 0),
(921, 'Char3:110000100a8294c', 'fixkit', 0),
(922, 'Char3:110000100a8294c', 'coke', 0),
(923, 'Char3:110000100a8294c', 'washed_stone', 0),
(924, 'Char3:110000100a8294c', 'stone', 0),
(925, 'Char3:110000100a8294c', 'petrol_raffin', 0),
(926, 'Char3:110000100a8294c', 'clip', 0),
(927, 'Char3:110000100a8294c', 'coke_pooch', 0),
(928, 'Char3:110000100a8294c', 'weed', 0),
(929, 'Char3:110000100a8294c', 'essence', 0),
(930, 'Char3:110000100a8294c', 'copper', 0),
(931, 'Char3:110000100a8294c', 'opium', 0),
(932, 'Char3:110000100a8294c', 'weed_pooch', 0),
(933, 'Char3:110000100a8294c', 'medikit', 0),
(934, 'Char3:110000100a8294c', 'carotool', 0),
(935, 'Char3:110000100a8294c', 'gazbottle', 0),
(936, 'Char3:110000100a8294c', 'fabric', 0),
(937, 'Char3:110000100a8294c', 'diamond', 0),
(938, 'Char3:110000100a8294c', 'cannabis', 0),
(939, 'Char3:110000100a8294c', 'fixtool', 0),
(940, 'Char3:110000100a8294c', 'bread', 0),
(941, 'Char3:110000100a8294c', 'clothe', 0),
(942, 'Char3:110000100a8294c', 'cutted_wood', 0),
(943, 'Char3:110000100a8294c', 'blackberry', 0),
(944, 'Char1:110000101917bfc', 'moonshine', 0),
(945, 'Char1:110000101917bfc', 'meth', 0),
(946, 'Char1:110000101917bfc', 'moonshine_pooch', 0),
(947, 'Char1:110000101917bfc', 'meth_pooch', 0),
(948, 'Char1:110000101917bfc', 'opium_pooch', 0),
(949, 'Char1:110000101917bfc', 'coke', 0),
(950, 'Char1:110000101917bfc', 'coke_pooch', 0),
(951, 'Char1:110000101917bfc', 'weed', 0),
(952, 'Char1:110000101917bfc', 'opium', 0),
(953, 'Char1:110000101917bfc', 'weed_pooch', 0),
(954, 'steam:110000108be35c6', 'weed', 0),
(965, 'steam:110000101917bfc', 'gold', 0),
(966, 'steam:110000101917bfc', 'iron', 0),
(967, 'steam:110000101917bfc', 'fixkit', 0),
(968, 'steam:110000101917bfc', 'copper', 0),
(969, 'steam:110000101917bfc', 'marijuana', 0),
(970, 'steam:110000101917bfc', 'cutted_wood', 0),
(971, 'steam:110000101917bfc', 'blackberry', 0),
(972, 'steam:110000101917bfc', 'cannabis', 0),
(973, 'steam:110000101917bfc', 'medikit', 0),
(974, 'steam:110000101917bfc', 'opium_pooch', 0),
(975, 'steam:110000101917bfc', 'carokit', 0),
(976, 'steam:110000101917bfc', 'fabric', 0),
(977, 'steam:110000101917bfc', 'fixtool', 0),
(978, 'steam:110000101917bfc', 'clothe', 0),
(979, 'steam:110000101917bfc', 'stone', 0),
(980, 'steam:110000101917bfc', 'bread', 5),
(981, 'steam:110000101917bfc', 'meth_pooch', 0),
(982, 'steam:110000101917bfc', 'fish', 0),
(983, 'steam:110000101917bfc', 'alive_chicken', 0),
(984, 'steam:110000101917bfc', 'xanax', 0),
(985, 'steam:110000101917bfc', 'essence', 0),
(986, 'steam:110000101917bfc', 'opium', 0),
(987, 'steam:110000101917bfc', 'clip', 0),
(988, 'steam:110000101917bfc', 'slaughtered_chicken', 0),
(989, 'steam:110000101917bfc', 'gazbottle', 0),
(990, 'steam:110000101917bfc', 'weed_pooch', 0),
(991, 'steam:110000101917bfc', 'petrol_raffin', 0),
(992, 'steam:110000101917bfc', 'water', 5),
(993, 'steam:110000101917bfc', 'bandage', 0),
(994, 'steam:110000101917bfc', 'carotool', 0),
(995, 'steam:110000101917bfc', 'washed_stone', 0),
(996, 'steam:110000101917bfc', 'wool', 0),
(997, 'steam:110000101917bfc', 'weed', 0),
(998, 'steam:110000101917bfc', 'petrol', 0),
(999, 'steam:110000101917bfc', 'meth', 0),
(1000, 'steam:110000101917bfc', 'packaged_chicken', 0),
(1001, 'steam:110000101917bfc', 'coke_pooch', 0),
(1002, 'steam:110000101917bfc', 'moonshine_pooch', 0),
(1003, 'steam:110000101917bfc', 'moonshine', 0),
(1004, 'steam:110000101917bfc', 'coke', 0),
(1005, 'steam:110000101917bfc', 'diamond', 0),
(1006, 'steam:110000101917bfc', 'packaged_plank', 0),
(1007, 'steam:110000101917bfc', 'wood', 0),
(1008, 'steam:110000101917bfc', 'jewels', 0),
(1009, 'steam:110000101917bfc', 'blowpipe', 0),
(1010, 'steam:1100001139909d2', 'gold', 0),
(1011, 'steam:1100001139909d2', 'iron', 0),
(1012, 'steam:1100001139909d2', 'fixkit', 0),
(1013, 'steam:1100001139909d2', 'copper', 0),
(1014, 'steam:1100001139909d2', 'marijuana', 0),
(1015, 'steam:1100001139909d2', 'cutted_wood', 0),
(1016, 'steam:1100001139909d2', 'blackberry', 0),
(1017, 'steam:1100001139909d2', 'cannabis', 0),
(1018, 'steam:1100001139909d2', 'medikit', 0),
(1019, 'steam:1100001139909d2', 'opium_pooch', 0),
(1020, 'steam:1100001139909d2', 'carokit', 0),
(1021, 'steam:1100001139909d2', 'fabric', 0),
(1022, 'steam:1100001139909d2', 'fixtool', 0),
(1023, 'steam:1100001139909d2', 'clothe', 0),
(1024, 'steam:1100001139909d2', 'stone', 0),
(1025, 'steam:1100001139909d2', 'bread', 0),
(1026, 'steam:1100001139909d2', 'meth_pooch', 0),
(1027, 'steam:1100001139909d2', 'fish', 0),
(1028, 'steam:1100001139909d2', 'alive_chicken', 0),
(1029, 'steam:1100001139909d2', 'xanax', 0),
(1030, 'steam:1100001139909d2', 'essence', 0),
(1031, 'steam:1100001139909d2', 'opium', 0),
(1032, 'steam:1100001139909d2', 'clip', 0),
(1033, 'steam:1100001139909d2', 'slaughtered_chicken', 0),
(1034, 'steam:1100001139909d2', 'gazbottle', 0),
(1035, 'steam:1100001139909d2', 'weed_pooch', 0),
(1036, 'steam:1100001139909d2', 'petrol_raffin', 0),
(1037, 'steam:1100001139909d2', 'water', 0),
(1038, 'steam:1100001139909d2', 'bandage', 0),
(1039, 'steam:1100001139909d2', 'carotool', 0),
(1040, 'steam:1100001139909d2', 'washed_stone', 0),
(1041, 'steam:1100001139909d2', 'wool', 0),
(1042, 'steam:1100001139909d2', 'weed', 0),
(1043, 'steam:1100001139909d2', 'petrol', 0),
(1044, 'steam:1100001139909d2', 'meth', 0),
(1045, 'steam:1100001139909d2', 'packaged_chicken', 0),
(1046, 'steam:1100001139909d2', 'coke_pooch', 0),
(1047, 'steam:1100001139909d2', 'moonshine_pooch', 0),
(1048, 'steam:1100001139909d2', 'moonshine', 0),
(1049, 'steam:1100001139909d2', 'coke', 0),
(1050, 'steam:1100001139909d2', 'diamond', 0),
(1051, 'steam:1100001139909d2', 'packaged_plank', 0),
(1052, 'steam:1100001139909d2', 'wood', 0),
(1053, 'steam:1100001139909d2', 'jewels', 0),
(1054, 'steam:1100001139909d2', 'blowpipe', 0),
(1055, 'steam:11000013b5ee510', 'diamond', 0),
(1056, 'steam:11000013b5ee510', 'weed', 0),
(1057, 'steam:11000013b5ee510', 'petrol', 0),
(1058, 'steam:11000013b5ee510', 'essence', 0),
(1059, 'steam:11000013b5ee510', 'marijuana', 0),
(1060, 'steam:11000013b5ee510', 'clip', 0),
(1061, 'steam:11000013b5ee510', 'wood', 0),
(1062, 'steam:11000013b5ee510', 'fixtool', 0),
(1063, 'steam:11000013b5ee510', 'bread', 0),
(1064, 'steam:11000013b5ee510', 'carokit', 0),
(1065, 'steam:11000013b5ee510', 'weed_pooch', 0),
(1066, 'steam:11000013b5ee510', 'coke', 0),
(1067, 'steam:11000013b5ee510', 'opium', 0),
(1068, 'steam:11000013b5ee510', 'cannabis', 0),
(1069, 'steam:11000013b5ee510', 'medikit', 0),
(1070, 'steam:11000013b5ee510', 'meth_pooch', 0),
(1071, 'steam:11000013b5ee510', 'coke_pooch', 0),
(1072, 'steam:11000013b5ee510', 'clothe', 0),
(1073, 'steam:11000013b5ee510', 'blackberry', 0),
(1074, 'steam:11000013b5ee510', 'fixkit', 0),
(1075, 'steam:11000013b5ee510', 'xanax', 0),
(1076, 'steam:11000013b5ee510', 'wool', 0),
(1077, 'steam:11000013b5ee510', 'fish', 0),
(1078, 'steam:11000013b5ee510', 'washed_stone', 0),
(1079, 'steam:11000013b5ee510', 'stone', 0),
(1080, 'steam:11000013b5ee510', 'gazbottle', 0),
(1081, 'steam:11000013b5ee510', 'slaughtered_chicken', 0),
(1082, 'steam:11000013b5ee510', 'petrol_raffin', 0),
(1083, 'steam:11000013b5ee510', 'packaged_plank', 0),
(1084, 'steam:11000013b5ee510', 'jewels', 0),
(1085, 'steam:11000013b5ee510', 'packaged_chicken', 0),
(1086, 'steam:11000013b5ee510', 'meth', 0),
(1087, 'steam:11000013b5ee510', 'opium_pooch', 0),
(1088, 'steam:11000013b5ee510', 'copper', 0),
(1089, 'steam:11000013b5ee510', 'moonshine_pooch', 0),
(1090, 'steam:11000013b5ee510', 'water', 0),
(1091, 'steam:11000013b5ee510', 'gold', 0),
(1092, 'steam:11000013b5ee510', 'bandage', 0),
(1093, 'steam:11000013b5ee510', 'iron', 0),
(1094, 'steam:11000013b5ee510', 'cutted_wood', 0),
(1095, 'steam:11000013b5ee510', 'carotool', 0),
(1096, 'steam:11000013b5ee510', 'alive_chicken', 0),
(1097, 'steam:11000013b5ee510', 'blowpipe', 0),
(1098, 'steam:11000013b5ee510', 'moonshine', 0),
(1099, 'steam:11000013b5ee510', 'fabric', 0),
(1100, 'steam:110000107aeb9ba', 'diamond', 0),
(1101, 'steam:110000107aeb9ba', 'weed', 0),
(1102, 'steam:110000107aeb9ba', 'petrol', 0),
(1103, 'steam:110000107aeb9ba', 'essence', 0),
(1104, 'steam:110000107aeb9ba', 'marijuana', 0),
(1105, 'steam:110000107aeb9ba', 'clip', 0),
(1106, 'steam:110000107aeb9ba', 'wood', 0),
(1107, 'steam:110000107aeb9ba', 'fixtool', 0),
(1108, 'steam:110000107aeb9ba', 'bread', 0),
(1109, 'steam:110000107aeb9ba', 'carokit', 0),
(1110, 'steam:110000107aeb9ba', 'weed_pooch', 0),
(1111, 'steam:110000107aeb9ba', 'coke', 0),
(1112, 'steam:110000107aeb9ba', 'opium', 0),
(1113, 'steam:110000107aeb9ba', 'cannabis', 0),
(1114, 'steam:110000107aeb9ba', 'medikit', 0),
(1115, 'steam:110000107aeb9ba', 'meth_pooch', 0),
(1116, 'steam:110000107aeb9ba', 'coke_pooch', 0),
(1117, 'steam:110000107aeb9ba', 'clothe', 0),
(1118, 'steam:110000107aeb9ba', 'blackberry', 0),
(1119, 'steam:110000107aeb9ba', 'fixkit', 0),
(1120, 'steam:110000107aeb9ba', 'xanax', 0),
(1121, 'steam:110000107aeb9ba', 'wool', 0),
(1122, 'steam:110000107aeb9ba', 'fish', 0),
(1123, 'steam:110000107aeb9ba', 'washed_stone', 0),
(1124, 'steam:110000107aeb9ba', 'stone', 0),
(1125, 'steam:110000107aeb9ba', 'gazbottle', 0),
(1126, 'steam:110000107aeb9ba', 'slaughtered_chicken', 0),
(1127, 'steam:110000107aeb9ba', 'petrol_raffin', 0),
(1128, 'steam:110000107aeb9ba', 'packaged_plank', 0),
(1129, 'steam:110000107aeb9ba', 'jewels', 0),
(1130, 'steam:110000107aeb9ba', 'packaged_chicken', 0),
(1131, 'steam:110000107aeb9ba', 'meth', 0),
(1132, 'steam:110000107aeb9ba', 'opium_pooch', 0),
(1133, 'steam:110000107aeb9ba', 'copper', 0),
(1134, 'steam:110000107aeb9ba', 'moonshine_pooch', 0),
(1135, 'steam:110000107aeb9ba', 'water', 0),
(1136, 'steam:110000107aeb9ba', 'gold', 0),
(1137, 'steam:110000107aeb9ba', 'bandage', 0),
(1138, 'steam:110000107aeb9ba', 'iron', 0),
(1139, 'steam:110000107aeb9ba', 'cutted_wood', 0),
(1140, 'steam:110000107aeb9ba', 'carotool', 0),
(1141, 'steam:110000107aeb9ba', 'alive_chicken', 0),
(1142, 'steam:110000107aeb9ba', 'blowpipe', 0),
(1143, 'steam:110000107aeb9ba', 'moonshine', 0),
(1144, 'steam:110000107aeb9ba', 'fabric', 0),
(1145, 'steam:110000134e58e98', 'packaged_chicken', 0),
(1146, 'steam:110000134e58e98', 'carokit', 0),
(1147, 'steam:110000134e58e98', 'fixtool', 0),
(1148, 'steam:110000134e58e98', 'coke_pooch', 0),
(1149, 'steam:110000134e58e98', 'diamond', 0),
(1150, 'steam:110000134e58e98', 'bread', 1),
(1151, 'steam:110000134e58e98', 'gazbottle', 0),
(1152, 'steam:110000134e58e98', 'stone', 0),
(1153, 'steam:110000134e58e98', 'marijuana', 0),
(1154, 'steam:110000134e58e98', 'gold', 0),
(1155, 'steam:110000134e58e98', 'meth', 0),
(1156, 'steam:110000134e58e98', 'iron', 0),
(1157, 'steam:110000134e58e98', 'washed_stone', 0),
(1158, 'steam:110000134e58e98', 'alive_chicken', 0),
(1159, 'steam:110000134e58e98', 'clothe', 0),
(1160, 'steam:110000134e58e98', 'wool', 0),
(1161, 'steam:110000134e58e98', 'bandage', 0),
(1162, 'steam:110000134e58e98', 'moonshine', 0),
(1163, 'steam:110000134e58e98', 'cannabis', 0),
(1164, 'steam:110000134e58e98', 'wood', 0),
(1165, 'steam:110000134e58e98', 'meth_pooch', 0),
(1166, 'steam:110000134e58e98', 'water', 0),
(1167, 'steam:110000134e58e98', 'weed_pooch', 0),
(1168, 'steam:110000134e58e98', 'weed', 0),
(1169, 'steam:110000134e58e98', 'cutted_wood', 0),
(1170, 'steam:110000134e58e98', 'xanax', 0),
(1171, 'steam:110000134e58e98', 'slaughtered_chicken', 0),
(1172, 'steam:110000134e58e98', 'petrol_raffin', 0),
(1173, 'steam:110000134e58e98', 'petrol', 0),
(1174, 'steam:110000134e58e98', 'packaged_plank', 0),
(1175, 'steam:110000134e58e98', 'opium_pooch', 0),
(1176, 'steam:110000134e58e98', 'clip', 0),
(1177, 'steam:110000134e58e98', 'jewels', 0),
(1178, 'steam:110000134e58e98', 'fish', 0),
(1179, 'steam:110000134e58e98', 'fabric', 0),
(1180, 'steam:110000134e58e98', 'copper', 0),
(1181, 'steam:110000134e58e98', 'coke', 0),
(1182, 'steam:110000134e58e98', 'moonshine_pooch', 0),
(1183, 'steam:110000134e58e98', 'opium', 0),
(1184, 'steam:110000134e58e98', 'carotool', 0),
(1185, 'steam:110000134e58e98', 'blackberry', 0),
(1186, 'steam:110000134e58e98', 'essence', 0),
(1187, 'steam:110000134e58e98', 'fixkit', 0),
(1188, 'steam:110000134e58e98', 'medikit', 0),
(1189, 'steam:110000134e58e98', 'blowpipe', 0),
(1190, 'steam:1100001347c40b7', 'opium', 0),
(1191, 'steam:1100001347c40b7', 'marijuana', 0),
(1192, 'steam:1100001347c40b7', 'gazbottle', 0),
(1193, 'steam:1100001347c40b7', 'meth', 0),
(1194, 'steam:1100001347c40b7', 'clothe', 0),
(1195, 'steam:1100001347c40b7', 'petrol_raffin', 0),
(1196, 'steam:1100001347c40b7', 'fish', 0),
(1197, 'steam:1100001347c40b7', 'copper', 0),
(1198, 'steam:1100001347c40b7', 'meth_pooch', 0),
(1199, 'steam:1100001347c40b7', 'xanax', 0),
(1200, 'steam:1100001347c40b7', 'clip', 0),
(1201, 'steam:1100001347c40b7', 'diamond', 0),
(1202, 'steam:1100001347c40b7', 'jewels', 0),
(1203, 'steam:1100001347c40b7', 'packaged_plank', 0),
(1204, 'steam:1100001347c40b7', 'cannabis', 0),
(1205, 'steam:1100001347c40b7', 'blowpipe', 0),
(1206, 'steam:1100001347c40b7', 'medikit', 0),
(1207, 'steam:1100001347c40b7', 'moonshine', 0),
(1208, 'steam:1100001347c40b7', 'wool', 0),
(1209, 'steam:1100001347c40b7', 'blackberry', 0),
(1210, 'steam:1100001347c40b7', 'wood', 0),
(1211, 'steam:1100001347c40b7', 'weed_pooch', 0),
(1212, 'steam:1100001347c40b7', 'bread', 0),
(1213, 'steam:1100001347c40b7', 'slaughtered_chicken', 0),
(1214, 'steam:1100001347c40b7', 'water', 0),
(1215, 'steam:1100001347c40b7', 'opium_pooch', 0),
(1216, 'steam:1100001347c40b7', 'packaged_chicken', 0),
(1217, 'steam:1100001347c40b7', 'fixtool', 0),
(1218, 'steam:1100001347c40b7', 'stone', 0),
(1219, 'steam:1100001347c40b7', 'weed', 0),
(1220, 'steam:1100001347c40b7', 'fixkit', 0),
(1221, 'steam:1100001347c40b7', 'petrol', 0),
(1222, 'steam:1100001347c40b7', 'washed_stone', 0),
(1223, 'steam:1100001347c40b7', 'cutted_wood', 0),
(1224, 'steam:1100001347c40b7', 'fabric', 0),
(1225, 'steam:1100001347c40b7', 'moonshine_pooch', 0),
(1226, 'steam:1100001347c40b7', 'essence', 0),
(1227, 'steam:1100001347c40b7', 'gold', 0),
(1228, 'steam:1100001347c40b7', 'coke_pooch', 0),
(1229, 'steam:1100001347c40b7', 'iron', 0),
(1230, 'steam:1100001347c40b7', 'bandage', 0),
(1231, 'steam:1100001347c40b7', 'carokit', 0),
(1232, 'steam:1100001347c40b7', 'coke', 0),
(1233, 'steam:1100001347c40b7', 'alive_chicken', 0),
(1234, 'steam:1100001347c40b7', 'carotool', 0),
(1235, 'steam:11000011183195e', 'fixkit', 0),
(1236, 'steam:11000011183195e', 'essence', 0),
(1237, 'steam:11000011183195e', 'xanax', 0),
(1238, 'steam:11000011183195e', 'fabric', 0),
(1239, 'steam:11000011183195e', 'medikit', 0),
(1240, 'steam:11000011183195e', 'stone', 0),
(1241, 'steam:11000011183195e', 'fish', 0),
(1242, 'steam:11000011183195e', 'marijuana', 0),
(1243, 'steam:11000011183195e', 'gazbottle', 0),
(1244, 'steam:11000011183195e', 'cannabis', 0),
(1245, 'steam:11000011183195e', 'coke', 0),
(1246, 'steam:11000011183195e', 'carotool', 0),
(1247, 'steam:11000011183195e', 'water', 0),
(1248, 'steam:11000011183195e', 'bandage', 0),
(1249, 'steam:11000011183195e', 'meth', 0),
(1250, 'steam:11000011183195e', 'opium', 0),
(1251, 'steam:11000011183195e', 'opium_pooch', 0),
(1252, 'steam:11000011183195e', 'gold', 0),
(1253, 'steam:11000011183195e', 'diamond', 0),
(1254, 'steam:11000011183195e', 'petrol', 0),
(1255, 'steam:11000011183195e', 'wool', 0),
(1256, 'steam:11000011183195e', 'alive_chicken', 0),
(1257, 'steam:11000011183195e', 'moonshine', 0),
(1258, 'steam:11000011183195e', 'packaged_chicken', 0),
(1259, 'steam:11000011183195e', 'weed_pooch', 0),
(1260, 'steam:11000011183195e', 'blackberry', 0),
(1261, 'steam:11000011183195e', 'weed', 0),
(1262, 'steam:11000011183195e', 'iron', 0),
(1263, 'steam:11000011183195e', 'clothe', 0),
(1264, 'steam:11000011183195e', 'washed_stone', 0),
(1265, 'steam:11000011183195e', 'slaughtered_chicken', 0),
(1266, 'steam:11000011183195e', 'jewels', 0),
(1267, 'steam:11000011183195e', 'packaged_plank', 0),
(1268, 'steam:11000011183195e', 'carokit', 0),
(1269, 'steam:11000011183195e', 'clip', 0),
(1270, 'steam:11000011183195e', 'copper', 0),
(1271, 'steam:11000011183195e', 'coke_pooch', 0),
(1272, 'steam:11000011183195e', 'cutted_wood', 0),
(1273, 'steam:11000011183195e', 'meth_pooch', 0),
(1274, 'steam:11000011183195e', 'blowpipe', 0),
(1275, 'steam:11000011183195e', 'wood', 0),
(1276, 'steam:11000011183195e', 'bread', 0),
(1277, 'steam:11000011183195e', 'petrol_raffin', 0),
(1278, 'steam:11000011183195e', 'moonshine_pooch', 0),
(1279, 'steam:11000011183195e', 'fixtool', 0),
(1280, 'steam:110000107e3d0e9', 'carokit', 0),
(1281, 'steam:110000107e3d0e9', 'weed', 0),
(1282, 'steam:110000107e3d0e9', 'clothe', 0),
(1283, 'steam:110000107e3d0e9', 'slaughtered_chicken', 0),
(1284, 'steam:110000107e3d0e9', 'meth_pooch', 0),
(1285, 'steam:110000107e3d0e9', 'fish', 0),
(1286, 'steam:110000107e3d0e9', 'water', 0),
(1287, 'steam:110000107e3d0e9', 'gazbottle', 0),
(1288, 'steam:110000107e3d0e9', 'stone', 0),
(1289, 'steam:110000107e3d0e9', 'cannabis', 0),
(1290, 'steam:110000107e3d0e9', 'petrol_raffin', 0),
(1291, 'steam:110000107e3d0e9', 'fixkit', 0),
(1292, 'steam:110000107e3d0e9', 'alive_chicken', 0),
(1293, 'steam:110000107e3d0e9', 'fabric', 0),
(1294, 'steam:110000107e3d0e9', 'wood', 0),
(1295, 'steam:110000107e3d0e9', 'diamond', 0),
(1296, 'steam:110000107e3d0e9', 'washed_stone', 0),
(1297, 'steam:110000107e3d0e9', 'essence', 0),
(1298, 'steam:110000107e3d0e9', 'blackberry', 0),
(1299, 'steam:110000107e3d0e9', 'opium', 0),
(1300, 'steam:110000107e3d0e9', 'packaged_chicken', 0),
(1301, 'steam:110000107e3d0e9', 'iron', 0),
(1302, 'steam:110000107e3d0e9', 'gold', 0),
(1303, 'steam:110000107e3d0e9', 'marijuana', 0),
(1304, 'steam:110000107e3d0e9', 'moonshine', 0),
(1305, 'steam:110000107e3d0e9', 'packaged_plank', 0),
(1306, 'steam:110000107e3d0e9', 'cutted_wood', 0),
(1307, 'steam:110000107e3d0e9', 'bread', 0),
(1308, 'steam:110000107e3d0e9', 'meth', 0),
(1309, 'steam:110000107e3d0e9', 'petrol', 0),
(1310, 'steam:110000107e3d0e9', 'opium_pooch', 0),
(1311, 'steam:110000107e3d0e9', 'weed_pooch', 0),
(1312, 'steam:110000107e3d0e9', 'bandage', 0),
(1313, 'steam:110000107e3d0e9', 'moonshine_pooch', 0),
(1314, 'steam:110000107e3d0e9', 'carotool', 0),
(1315, 'steam:110000107e3d0e9', 'copper', 0),
(1316, 'steam:110000107e3d0e9', 'wool', 0),
(1317, 'steam:110000107e3d0e9', 'jewels', 0),
(1318, 'steam:110000107e3d0e9', 'medikit', 0),
(1319, 'steam:110000107e3d0e9', 'xanax', 0),
(1320, 'steam:110000107e3d0e9', 'blowpipe', 0),
(1321, 'steam:110000107e3d0e9', 'clip', 0),
(1322, 'steam:110000107e3d0e9', 'coke', 0);
INSERT INTO `user_inventory` (`id`, `identifier`, `item`, `count`) VALUES
(1323, 'steam:110000107e3d0e9', 'fixtool', 0),
(1324, 'steam:110000107e3d0e9', 'coke_pooch', 0),
(1325, 'Char2:110000100a8294c', 'opium', 0),
(1326, 'Char2:110000100a8294c', 'meth', 0),
(1327, 'Char2:110000100a8294c', 'coke', 0),
(1328, 'Char2:110000100a8294c', 'moonshine_pooch', 0),
(1329, 'Char2:110000100a8294c', 'weed_pooch', 0),
(1330, 'Char2:110000100a8294c', 'weed', 0),
(1331, 'Char2:110000100a8294c', 'opium_pooch', 0),
(1332, 'Char2:110000100a8294c', 'coke_pooch', 0),
(1333, 'Char2:110000100a8294c', 'moonshine', 0),
(1334, 'Char2:110000100a8294c', 'meth_pooch', 0),
(1335, 'Char3:110000108be35c6', 'petrol', 0),
(1336, 'Char3:110000108be35c6', 'gazbottle', 0),
(1337, 'Char3:110000108be35c6', 'washed_stone', 0),
(1338, 'Char3:110000108be35c6', 'fabric', 0),
(1339, 'Char3:110000108be35c6', 'bread', 0),
(1340, 'Char3:110000108be35c6', 'meth_pooch', 0),
(1341, 'Char3:110000108be35c6', 'wool', 0),
(1342, 'Char3:110000108be35c6', 'marijuana', 0),
(1343, 'Char3:110000108be35c6', 'petrol_raffin', 0),
(1344, 'Char3:110000108be35c6', 'bandage', 0),
(1345, 'Char3:110000108be35c6', 'carokit', 0),
(1346, 'Char3:110000108be35c6', 'clip', 0),
(1347, 'Char3:110000108be35c6', 'xanax', 0),
(1348, 'Char3:110000108be35c6', 'clothe', 0),
(1349, 'Char3:110000108be35c6', 'medikit', 0),
(1350, 'Char3:110000108be35c6', 'moonshine', 0),
(1351, 'Char3:110000108be35c6', 'wood', 0),
(1352, 'Char3:110000108be35c6', 'weed_pooch', 0),
(1353, 'Char3:110000108be35c6', 'weed', 0),
(1354, 'Char3:110000108be35c6', 'blowpipe', 0),
(1355, 'Char3:110000108be35c6', 'water', 0),
(1356, 'Char3:110000108be35c6', 'blackberry', 0),
(1357, 'Char3:110000108be35c6', 'gold', 0),
(1358, 'Char3:110000108be35c6', 'essence', 0),
(1359, 'Char3:110000108be35c6', 'stone', 0),
(1360, 'Char3:110000108be35c6', 'slaughtered_chicken', 0),
(1361, 'Char3:110000108be35c6', 'fixkit', 0),
(1362, 'Char3:110000108be35c6', 'fish', 0),
(1363, 'Char3:110000108be35c6', 'packaged_plank', 0),
(1364, 'Char3:110000108be35c6', 'copper', 0),
(1365, 'Char3:110000108be35c6', 'carotool', 0),
(1366, 'Char3:110000108be35c6', 'coke_pooch', 0),
(1367, 'Char3:110000108be35c6', 'coke', 0),
(1368, 'Char3:110000108be35c6', 'jewels', 0),
(1369, 'Char3:110000108be35c6', 'packaged_chicken', 0),
(1370, 'Char3:110000108be35c6', 'opium', 0),
(1371, 'Char3:110000108be35c6', 'diamond', 0),
(1372, 'Char3:110000108be35c6', 'iron', 0),
(1373, 'Char3:110000108be35c6', 'meth', 0),
(1374, 'Char3:110000108be35c6', 'opium_pooch', 0),
(1375, 'Char3:110000108be35c6', 'moonshine_pooch', 0),
(1376, 'Char3:110000108be35c6', 'cannabis', 0),
(1377, 'Char3:110000108be35c6', 'cutted_wood', 0),
(1378, 'Char3:110000108be35c6', 'alive_chicken', 0),
(1379, 'Char3:110000108be35c6', 'fixtool', 0),
(1380, 'steam:11000010ae8dcf4', 'packaged_plank', 0),
(1381, 'steam:11000010ae8dcf4', 'marijuana', 0),
(1382, 'steam:11000010ae8dcf4', 'fixtool', 0),
(1383, 'steam:11000010ae8dcf4', 'meth_pooch', 0),
(1384, 'steam:11000010ae8dcf4', 'slaughtered_chicken', 0),
(1385, 'steam:11000010ae8dcf4', 'water', 0),
(1386, 'steam:11000010ae8dcf4', 'blowpipe', 0),
(1387, 'steam:11000010ae8dcf4', 'packaged_chicken', 0),
(1388, 'steam:11000010ae8dcf4', 'fish', 0),
(1389, 'steam:11000010ae8dcf4', 'medikit', 0),
(1390, 'steam:11000010ae8dcf4', 'clip', 0),
(1391, 'steam:11000010ae8dcf4', 'opium', 0),
(1392, 'steam:11000010ae8dcf4', 'coke_pooch', 0),
(1393, 'steam:11000010ae8dcf4', 'iron', 0),
(1394, 'steam:11000010ae8dcf4', 'cutted_wood', 0),
(1395, 'steam:11000010ae8dcf4', 'bandage', 0),
(1396, 'steam:11000010ae8dcf4', 'wool', 0),
(1397, 'steam:11000010ae8dcf4', 'carotool', 0),
(1398, 'steam:11000010ae8dcf4', 'jewels', 0),
(1399, 'steam:11000010ae8dcf4', 'alive_chicken', 0),
(1400, 'steam:11000010ae8dcf4', 'cannabis', 0),
(1401, 'steam:11000010ae8dcf4', 'gazbottle', 0),
(1402, 'steam:11000010ae8dcf4', 'essence', 0),
(1403, 'steam:11000010ae8dcf4', 'weed_pooch', 0),
(1404, 'steam:11000010ae8dcf4', 'stone', 0),
(1405, 'steam:11000010ae8dcf4', 'clothe', 0),
(1406, 'steam:11000010ae8dcf4', 'coke', 0),
(1407, 'steam:11000010ae8dcf4', 'petrol_raffin', 0),
(1408, 'steam:11000010ae8dcf4', 'diamond', 0),
(1409, 'steam:11000010ae8dcf4', 'weed', 0),
(1410, 'steam:11000010ae8dcf4', 'wood', 0),
(1411, 'steam:11000010ae8dcf4', 'washed_stone', 0),
(1412, 'steam:11000010ae8dcf4', 'xanax', 0),
(1413, 'steam:11000010ae8dcf4', 'petrol', 0),
(1414, 'steam:11000010ae8dcf4', 'opium_pooch', 0),
(1415, 'steam:11000010ae8dcf4', 'copper', 0),
(1416, 'steam:11000010ae8dcf4', 'blackberry', 0),
(1417, 'steam:11000010ae8dcf4', 'bread', 0),
(1418, 'steam:11000010ae8dcf4', 'gold', 0),
(1419, 'steam:11000010ae8dcf4', 'meth', 0),
(1420, 'steam:11000010ae8dcf4', 'carokit', 0),
(1421, 'steam:11000010ae8dcf4', 'moonshine_pooch', 0),
(1422, 'steam:11000010ae8dcf4', 'fixkit', 0),
(1423, 'steam:11000010ae8dcf4', 'moonshine', 0),
(1424, 'steam:11000010ae8dcf4', 'fabric', 0),
(1425, 'steam:1100001188a7132', 'wood', 0),
(1426, 'steam:1100001188a7132', 'meth', 0),
(1427, 'steam:1100001188a7132', 'iron', 0),
(1428, 'steam:1100001188a7132', 'fabric', 0),
(1429, 'steam:1100001188a7132', 'weed_pooch', 0),
(1430, 'steam:1100001188a7132', 'bandage', 0),
(1431, 'steam:1100001188a7132', 'fish', 0),
(1432, 'steam:1100001188a7132', 'stone', 0),
(1433, 'steam:1100001188a7132', 'alive_chicken', 0),
(1434, 'steam:1100001188a7132', 'weed', 0),
(1435, 'steam:1100001188a7132', 'packaged_chicken', 0),
(1436, 'steam:1100001188a7132', 'coke', 0),
(1437, 'steam:1100001188a7132', 'medikit', 0),
(1438, 'steam:1100001188a7132', 'blackberry', 0),
(1439, 'steam:1100001188a7132', 'diamond', 0),
(1440, 'steam:1100001188a7132', 'fixtool', 0),
(1441, 'steam:1100001188a7132', 'marijuana', 0),
(1442, 'steam:1100001188a7132', 'moonshine', 0),
(1443, 'steam:1100001188a7132', 'carotool', 0),
(1444, 'steam:1100001188a7132', 'bread', 0),
(1445, 'steam:1100001188a7132', 'gazbottle', 0),
(1446, 'steam:1100001188a7132', 'blowpipe', 0),
(1447, 'steam:1100001188a7132', 'slaughtered_chicken', 0),
(1448, 'steam:1100001188a7132', 'meth_pooch', 0),
(1449, 'steam:1100001188a7132', 'xanax', 0),
(1450, 'steam:1100001188a7132', 'wool', 0),
(1451, 'steam:1100001188a7132', 'water', 0),
(1452, 'steam:1100001188a7132', 'carokit', 0),
(1453, 'steam:1100001188a7132', 'washed_stone', 0),
(1454, 'steam:1100001188a7132', 'cannabis', 0),
(1455, 'steam:1100001188a7132', 'essence', 0),
(1456, 'steam:1100001188a7132', 'petrol_raffin', 0),
(1457, 'steam:1100001188a7132', 'copper', 0),
(1458, 'steam:1100001188a7132', 'gold', 0),
(1459, 'steam:1100001188a7132', 'clothe', 0),
(1460, 'steam:1100001188a7132', 'jewels', 0),
(1461, 'steam:1100001188a7132', 'packaged_plank', 0),
(1462, 'steam:1100001188a7132', 'coke_pooch', 0),
(1463, 'steam:1100001188a7132', 'petrol', 0),
(1464, 'steam:1100001188a7132', 'cutted_wood', 0),
(1465, 'steam:1100001188a7132', 'opium_pooch', 0),
(1466, 'steam:1100001188a7132', 'fixkit', 0),
(1467, 'steam:1100001188a7132', 'opium', 0),
(1468, 'steam:1100001188a7132', 'moonshine_pooch', 0),
(1469, 'steam:1100001188a7132', 'clip', 0),
(1470, 'steam:11000013813f194', 'opium', 0),
(1471, 'steam:11000013813f194', 'coke', 0),
(1472, 'steam:11000013813f194', 'opium_pooch', 0),
(1473, 'steam:11000013813f194', 'wool', 0),
(1474, 'steam:11000013813f194', 'clothe', 0),
(1475, 'steam:11000013813f194', 'coke_pooch', 0),
(1476, 'steam:11000013813f194', 'bread', 0),
(1477, 'steam:11000013813f194', 'gold', 0),
(1478, 'steam:11000013813f194', 'cannabis', 0),
(1479, 'steam:11000013813f194', 'packaged_plank', 0),
(1480, 'steam:11000013813f194', 'weed', 0),
(1481, 'steam:11000013813f194', 'fabric', 0),
(1482, 'steam:11000013813f194', 'diamond', 0),
(1483, 'steam:11000013813f194', 'iron', 0),
(1484, 'steam:11000013813f194', 'clip', 0),
(1485, 'steam:11000013813f194', 'marijuana', 0),
(1486, 'steam:11000013813f194', 'fish', 0),
(1487, 'steam:11000013813f194', 'packaged_chicken', 0),
(1488, 'steam:11000013813f194', 'essence', 0),
(1489, 'steam:11000013813f194', 'wood', 0),
(1490, 'steam:11000013813f194', 'weed_pooch', 0),
(1491, 'steam:11000013813f194', 'meth_pooch', 0),
(1492, 'steam:11000013813f194', 'fixtool', 0),
(1493, 'steam:11000013813f194', 'water', 0),
(1494, 'steam:11000013813f194', 'washed_stone', 0),
(1495, 'steam:11000013813f194', 'petrol_raffin', 0),
(1496, 'steam:11000013813f194', 'bandage', 0),
(1497, 'steam:11000013813f194', 'blowpipe', 0),
(1498, 'steam:11000013813f194', 'stone', 0),
(1499, 'steam:11000013813f194', 'carokit', 0),
(1500, 'steam:11000013813f194', 'alive_chicken', 0),
(1501, 'steam:11000013813f194', 'moonshine', 0),
(1502, 'steam:11000013813f194', 'cutted_wood', 0),
(1503, 'steam:11000013813f194', 'slaughtered_chicken', 0),
(1504, 'steam:11000013813f194', 'blackberry', 0),
(1505, 'steam:11000013813f194', 'moonshine_pooch', 0),
(1506, 'steam:11000013813f194', 'copper', 0),
(1507, 'steam:11000013813f194', 'carotool', 0),
(1508, 'steam:11000013813f194', 'petrol', 0),
(1509, 'steam:11000013813f194', 'meth', 0),
(1510, 'steam:11000013813f194', 'xanax', 0),
(1511, 'steam:11000013813f194', 'jewels', 0),
(1512, 'steam:11000013813f194', 'gazbottle', 0),
(1513, 'steam:11000013813f194', 'fixkit', 0),
(1514, 'steam:11000013813f194', 'medikit', 0),
(1515, 'steam:110000111a12a7c', 'wool', 0),
(1516, 'steam:110000111a12a7c', 'gold', 0),
(1517, 'steam:110000111a12a7c', 'opium_pooch', 0),
(1518, 'steam:110000111a12a7c', 'copper', 0),
(1519, 'steam:110000111a12a7c', 'weed_pooch', 0),
(1520, 'steam:110000111a12a7c', 'fish', 0),
(1521, 'steam:110000111a12a7c', 'bandage', 0),
(1522, 'steam:110000111a12a7c', 'blowpipe', 0),
(1523, 'steam:110000111a12a7c', 'medikit', 0),
(1524, 'steam:110000111a12a7c', 'washed_stone', 0),
(1525, 'steam:110000111a12a7c', 'meth_pooch', 0),
(1526, 'steam:110000111a12a7c', 'bread', 0),
(1527, 'steam:110000111a12a7c', 'alive_chicken', 0),
(1528, 'steam:110000111a12a7c', 'essence', 0),
(1529, 'steam:110000111a12a7c', 'coke', 0),
(1530, 'steam:110000111a12a7c', 'cutted_wood', 0),
(1531, 'steam:110000111a12a7c', 'fixtool', 0),
(1532, 'steam:110000111a12a7c', 'gazbottle', 0),
(1533, 'steam:110000111a12a7c', 'xanax', 0),
(1534, 'steam:110000111a12a7c', 'petrol_raffin', 0),
(1535, 'steam:110000111a12a7c', 'jewels', 0),
(1536, 'steam:110000111a12a7c', 'diamond', 0),
(1537, 'steam:110000111a12a7c', 'cannabis', 0),
(1538, 'steam:110000111a12a7c', 'slaughtered_chicken', 0),
(1539, 'steam:110000111a12a7c', 'fixkit', 0),
(1540, 'steam:110000111a12a7c', 'weed', 0),
(1541, 'steam:110000111a12a7c', 'water', 0),
(1542, 'steam:110000111a12a7c', 'petrol', 0),
(1543, 'steam:110000111a12a7c', 'stone', 0),
(1544, 'steam:110000111a12a7c', 'meth', 0),
(1545, 'steam:110000111a12a7c', 'fabric', 0),
(1546, 'steam:110000111a12a7c', 'iron', 0),
(1547, 'steam:110000111a12a7c', 'blackberry', 0),
(1548, 'steam:110000111a12a7c', 'clothe', 0),
(1549, 'steam:110000111a12a7c', 'packaged_plank', 0),
(1550, 'steam:110000111a12a7c', 'marijuana', 0),
(1551, 'steam:110000111a12a7c', 'opium', 0),
(1552, 'steam:110000111a12a7c', 'moonshine_pooch', 0),
(1553, 'steam:110000111a12a7c', 'coke_pooch', 0),
(1554, 'steam:110000111a12a7c', 'packaged_chicken', 0),
(1555, 'steam:110000111a12a7c', 'moonshine', 0),
(1556, 'steam:110000111a12a7c', 'clip', 0),
(1557, 'steam:110000111a12a7c', 'wood', 0),
(1558, 'steam:110000111a12a7c', 'carokit', 0),
(1559, 'steam:110000111a12a7c', 'carotool', 0),
(1560, 'steam:11000013b4470cb', 'marijuana', 0),
(1561, 'steam:11000013b4470cb', 'bandage', 0),
(1562, 'steam:11000013b4470cb', 'packaged_plank', 0),
(1563, 'steam:11000013b4470cb', 'stone', 0),
(1564, 'steam:11000013b4470cb', 'moonshine', 0),
(1565, 'steam:11000013b4470cb', 'blackberry', 0),
(1566, 'steam:11000013b4470cb', 'packaged_chicken', 0),
(1567, 'steam:11000013b4470cb', 'fabric', 0),
(1568, 'steam:11000013b4470cb', 'weed_pooch', 0),
(1569, 'steam:11000013b4470cb', 'meth', 0),
(1570, 'steam:11000013b4470cb', 'slaughtered_chicken', 0),
(1571, 'steam:11000013b4470cb', 'petrol', 0),
(1572, 'steam:11000013b4470cb', 'clothe', 0),
(1573, 'steam:11000013b4470cb', 'coke', 0),
(1574, 'steam:11000013b4470cb', 'wood', 0),
(1575, 'steam:11000013b4470cb', 'opium', 0),
(1576, 'steam:11000013b4470cb', 'cutted_wood', 0),
(1577, 'steam:11000013b4470cb', 'fish', 0),
(1578, 'steam:11000013b4470cb', 'carotool', 0),
(1579, 'steam:11000013b4470cb', 'cannabis', 0),
(1580, 'steam:11000013b4470cb', 'petrol_raffin', 0),
(1581, 'steam:11000013b4470cb', 'carokit', 0),
(1582, 'steam:11000013b4470cb', 'bread', 0),
(1583, 'steam:11000013b4470cb', 'coke_pooch', 0),
(1584, 'steam:11000013b4470cb', 'xanax', 0),
(1585, 'steam:11000013b4470cb', 'opium_pooch', 0),
(1586, 'steam:11000013b4470cb', 'essence', 0),
(1587, 'steam:11000013b4470cb', 'weed', 0),
(1588, 'steam:11000013b4470cb', 'water', 0),
(1589, 'steam:11000013b4470cb', 'fixtool', 0),
(1590, 'steam:11000013b4470cb', 'gazbottle', 0),
(1591, 'steam:11000013b4470cb', 'alive_chicken', 0),
(1592, 'steam:11000013b4470cb', 'washed_stone', 0),
(1593, 'steam:11000013b4470cb', 'gold', 0),
(1594, 'steam:11000013b4470cb', 'wool', 0),
(1595, 'steam:11000013b4470cb', 'moonshine_pooch', 0),
(1596, 'steam:11000013b4470cb', 'jewels', 0),
(1597, 'steam:11000013b4470cb', 'meth_pooch', 0),
(1598, 'steam:11000013b4470cb', 'clip', 0),
(1599, 'steam:11000013b4470cb', 'copper', 0),
(1600, 'steam:11000013b4470cb', 'diamond', 0),
(1601, 'steam:11000013b4470cb', 'medikit', 0),
(1602, 'steam:11000013b4470cb', 'iron', 0),
(1603, 'steam:11000013b4470cb', 'fixkit', 0),
(1604, 'steam:11000013b4470cb', 'blowpipe', 0),
(1605, 'Char1:110000116adf2be', 'essence', 0),
(1606, 'Char1:110000116adf2be', 'iron', 0),
(1607, 'Char1:110000116adf2be', 'gazbottle', 0),
(1608, 'Char1:110000116adf2be', 'medikit', 0),
(1609, 'Char1:110000116adf2be', 'carokit', 0),
(1610, 'Char1:110000116adf2be', 'fabric', 0),
(1611, 'Char1:110000116adf2be', 'jewels', 0),
(1612, 'Char1:110000116adf2be', 'weed_pooch', 0),
(1613, 'Char1:110000116adf2be', 'carotool', 0),
(1614, 'Char1:110000116adf2be', 'moonshine', 0),
(1615, 'Char1:110000116adf2be', 'petrol', 0),
(1616, 'Char1:110000116adf2be', 'gold', 0),
(1617, 'Char1:110000116adf2be', 'fixkit', 0),
(1618, 'Char1:110000116adf2be', 'diamond', 0),
(1619, 'Char1:110000116adf2be', 'cutted_wood', 0),
(1620, 'Char1:110000116adf2be', 'moonshine_pooch', 0),
(1621, 'Char1:110000116adf2be', 'copper', 0),
(1622, 'Char1:110000116adf2be', 'xanax', 0),
(1623, 'Char1:110000116adf2be', 'wool', 0),
(1624, 'Char1:110000116adf2be', 'blackberry', 0),
(1625, 'Char1:110000116adf2be', 'wood', 0),
(1626, 'Char1:110000116adf2be', 'clothe', 0),
(1627, 'Char1:110000116adf2be', 'cannabis', 0),
(1628, 'Char1:110000116adf2be', 'weed', 0),
(1629, 'Char1:110000116adf2be', 'water', 0),
(1630, 'Char1:110000116adf2be', 'washed_stone', 0),
(1631, 'Char1:110000116adf2be', 'meth_pooch', 0),
(1632, 'Char1:110000116adf2be', 'stone', 0),
(1633, 'Char1:110000116adf2be', 'slaughtered_chicken', 0),
(1634, 'Char1:110000116adf2be', 'clip', 0),
(1635, 'Char1:110000116adf2be', 'opium_pooch', 0),
(1636, 'Char1:110000116adf2be', 'packaged_chicken', 0),
(1637, 'Char1:110000116adf2be', 'packaged_plank', 0),
(1638, 'Char1:110000116adf2be', 'fixtool', 0),
(1639, 'Char1:110000116adf2be', 'petrol_raffin', 0),
(1640, 'Char1:110000116adf2be', 'coke', 0),
(1641, 'Char1:110000116adf2be', 'meth', 0),
(1642, 'Char1:110000116adf2be', 'opium', 0),
(1643, 'Char1:110000116adf2be', 'coke_pooch', 0),
(1644, 'Char1:110000116adf2be', 'blowpipe', 0),
(1645, 'Char1:110000116adf2be', 'marijuana', 0),
(1646, 'Char1:110000116adf2be', 'fish', 0),
(1647, 'Char1:110000116adf2be', 'alive_chicken', 0),
(1648, 'Char1:110000116adf2be', 'bandage', 0),
(1649, 'Char1:110000116adf2be', 'bread', 0),
(1650, 'steam:110000108645f75', 'essence', 0),
(1651, 'steam:110000108645f75', 'iron', 0),
(1652, 'steam:110000108645f75', 'gazbottle', 0),
(1653, 'steam:110000108645f75', 'medikit', 0),
(1654, 'steam:110000108645f75', 'carokit', 0),
(1655, 'steam:110000108645f75', 'fabric', 0),
(1656, 'steam:110000108645f75', 'jewels', 0),
(1657, 'steam:110000108645f75', 'weed_pooch', 0),
(1658, 'steam:110000108645f75', 'carotool', 0),
(1659, 'steam:110000108645f75', 'moonshine', 0),
(1660, 'steam:110000108645f75', 'petrol', 0),
(1661, 'steam:110000108645f75', 'gold', 0),
(1662, 'steam:110000108645f75', 'fixkit', 0),
(1663, 'steam:110000108645f75', 'diamond', 0),
(1664, 'steam:110000108645f75', 'cutted_wood', 0),
(1665, 'steam:110000108645f75', 'moonshine_pooch', 0),
(1666, 'steam:110000108645f75', 'copper', 0),
(1667, 'steam:110000108645f75', 'xanax', 0),
(1668, 'steam:110000108645f75', 'wool', 0),
(1669, 'steam:110000108645f75', 'blackberry', 0),
(1670, 'steam:110000108645f75', 'wood', 0),
(1671, 'steam:110000108645f75', 'clothe', 0),
(1672, 'steam:110000108645f75', 'cannabis', 0),
(1673, 'steam:110000108645f75', 'weed', 0),
(1674, 'steam:110000108645f75', 'water', 0),
(1675, 'steam:110000108645f75', 'washed_stone', 0),
(1676, 'steam:110000108645f75', 'meth_pooch', 0),
(1677, 'steam:110000108645f75', 'stone', 0),
(1678, 'steam:110000108645f75', 'slaughtered_chicken', 0),
(1679, 'steam:110000108645f75', 'clip', 0),
(1680, 'steam:110000108645f75', 'opium_pooch', 0),
(1681, 'steam:110000108645f75', 'packaged_chicken', 0),
(1682, 'steam:110000108645f75', 'packaged_plank', 0),
(1683, 'steam:110000108645f75', 'fixtool', 0),
(1684, 'steam:110000108645f75', 'petrol_raffin', 0),
(1685, 'steam:110000108645f75', 'coke', 0),
(1686, 'steam:110000108645f75', 'meth', 0),
(1687, 'steam:110000108645f75', 'opium', 0),
(1688, 'steam:110000108645f75', 'coke_pooch', 0),
(1689, 'steam:110000108645f75', 'blowpipe', 0),
(1690, 'steam:110000108645f75', 'marijuana', 0),
(1691, 'steam:110000108645f75', 'fish', 0),
(1692, 'steam:110000108645f75', 'alive_chicken', 0),
(1693, 'steam:110000108645f75', 'bandage', 0),
(1694, 'steam:110000108645f75', 'bread', 0),
(1695, 'steam:11000011517e46a', 'water', 0),
(1696, 'steam:11000011517e46a', 'iron', 0),
(1697, 'steam:11000011517e46a', 'fish', 0),
(1698, 'steam:11000011517e46a', 'carotool', 0),
(1699, 'steam:11000011517e46a', 'marijuana', 0),
(1700, 'steam:11000011517e46a', 'bread', 0),
(1701, 'steam:11000011517e46a', 'wood', 0),
(1702, 'steam:11000011517e46a', 'opium', 0),
(1703, 'steam:11000011517e46a', 'fixtool', 0),
(1704, 'steam:11000011517e46a', 'copper', 0),
(1705, 'steam:11000011517e46a', 'jewels', 0),
(1706, 'steam:11000011517e46a', 'slaughtered_chicken', 0),
(1707, 'steam:11000011517e46a', 'petrol', 0),
(1708, 'steam:11000011517e46a', 'moonshine_pooch', 0),
(1709, 'steam:11000011517e46a', 'clothe', 0),
(1710, 'steam:11000011517e46a', 'xanax', 0),
(1711, 'steam:11000011517e46a', 'cutted_wood', 0),
(1712, 'steam:11000011517e46a', 'wool', 0),
(1713, 'steam:11000011517e46a', 'weed_pooch', 0),
(1714, 'steam:11000011517e46a', 'stone', 2),
(1715, 'steam:11000011517e46a', 'coke_pooch', 0),
(1716, 'steam:11000011517e46a', 'weed', 0),
(1717, 'steam:11000011517e46a', 'medikit', 0),
(1718, 'steam:11000011517e46a', 'packaged_plank', 0),
(1719, 'steam:11000011517e46a', 'cannabis', 0),
(1720, 'steam:11000011517e46a', 'blackberry', 0),
(1721, 'steam:11000011517e46a', 'meth', 0),
(1722, 'steam:11000011517e46a', 'bandage', 0),
(1723, 'steam:11000011517e46a', 'carokit', 0),
(1724, 'steam:11000011517e46a', 'fabric', 0),
(1725, 'steam:11000011517e46a', 'fixkit', 0),
(1726, 'steam:11000011517e46a', 'alive_chicken', 0),
(1727, 'steam:11000011517e46a', 'essence', 0),
(1728, 'steam:11000011517e46a', 'coke', 0),
(1729, 'steam:11000011517e46a', 'washed_stone', 0),
(1730, 'steam:11000011517e46a', 'meth_pooch', 0),
(1731, 'steam:11000011517e46a', 'gold', 0),
(1732, 'steam:11000011517e46a', 'opium_pooch', 0),
(1733, 'steam:11000011517e46a', 'diamond', 0),
(1734, 'steam:11000011517e46a', 'petrol_raffin', 0),
(1735, 'steam:11000011517e46a', 'blowpipe', 0),
(1736, 'steam:11000011517e46a', 'clip', 0),
(1737, 'steam:11000011517e46a', 'gazbottle', 0),
(1738, 'steam:11000011517e46a', 'moonshine', 0),
(1739, 'steam:11000011517e46a', 'packaged_chicken', 0),
(1740, 'Char1:11000010cfa434a', 'stone', 0),
(1741, 'Char1:11000010cfa434a', 'opium', 0),
(1742, 'Char1:11000010cfa434a', 'diamond', 0),
(1743, 'Char1:11000010cfa434a', 'gold', 0),
(1744, 'Char1:11000010cfa434a', 'essence', 0),
(1745, 'Char1:11000010cfa434a', 'bandage', 0),
(1746, 'Char1:11000010cfa434a', 'petrol_raffin', 0),
(1747, 'Char1:11000010cfa434a', 'clip', 0),
(1748, 'Char1:11000010cfa434a', 'iron', 0),
(1749, 'Char1:11000010cfa434a', 'carokit', 0),
(1750, 'Char1:11000010cfa434a', 'coke', 0),
(1751, 'Char1:11000010cfa434a', 'blowpipe', 0),
(1752, 'Char1:11000010cfa434a', 'fish', 0),
(1753, 'Char1:11000010cfa434a', 'fabric', 0),
(1754, 'Char1:11000010cfa434a', 'copper', 0),
(1755, 'Char1:11000010cfa434a', 'fixtool', 0),
(1756, 'Char1:11000010cfa434a', 'washed_stone', 0),
(1757, 'Char1:11000010cfa434a', 'medikit', 0),
(1758, 'Char1:11000010cfa434a', 'marijuana', 0),
(1759, 'Char1:11000010cfa434a', 'packaged_plank', 0),
(1760, 'Char1:11000010cfa434a', 'weed', 0),
(1761, 'Char1:11000010cfa434a', 'packaged_chicken', 0),
(1762, 'Char1:11000010cfa434a', 'bread', 0),
(1763, 'Char1:11000010cfa434a', 'petrol', 0),
(1764, 'Char1:11000010cfa434a', 'opium_pooch', 0),
(1765, 'Char1:11000010cfa434a', 'wood', 0),
(1766, 'Char1:11000010cfa434a', 'xanax', 0),
(1767, 'Char1:11000010cfa434a', 'coke_pooch', 0),
(1768, 'Char1:11000010cfa434a', 'gazbottle', 0),
(1769, 'Char1:11000010cfa434a', 'wool', 0),
(1770, 'Char1:11000010cfa434a', 'weed_pooch', 0),
(1771, 'Char1:11000010cfa434a', 'cutted_wood', 0),
(1772, 'Char1:11000010cfa434a', 'moonshine_pooch', 0),
(1773, 'Char1:11000010cfa434a', 'clothe', 0),
(1774, 'Char1:11000010cfa434a', 'carotool', 0),
(1775, 'Char1:11000010cfa434a', 'water', 0),
(1776, 'Char1:11000010cfa434a', 'slaughtered_chicken', 0),
(1777, 'Char1:11000010cfa434a', 'moonshine', 0),
(1778, 'Char1:11000010cfa434a', 'meth', 0),
(1779, 'Char1:11000010cfa434a', 'fixkit', 0),
(1780, 'Char1:11000010cfa434a', 'cannabis', 0),
(1781, 'Char1:11000010cfa434a', 'meth_pooch', 0),
(1782, 'Char1:11000010cfa434a', 'alive_chicken', 0),
(1783, 'Char1:11000010cfa434a', 'blackberry', 0),
(1784, 'Char1:11000010cfa434a', 'jewels', 0),
(1785, 'steam:11000010cfa434a', 'stone', 0),
(1786, 'steam:11000010cfa434a', 'opium', 0),
(1787, 'steam:11000010cfa434a', 'diamond', 0),
(1788, 'steam:11000010cfa434a', 'gold', 0),
(1789, 'steam:11000010cfa434a', 'essence', 0),
(1790, 'steam:11000010cfa434a', 'bandage', 0),
(1791, 'steam:11000010cfa434a', 'petrol_raffin', 0),
(1792, 'steam:11000010cfa434a', 'clip', 0),
(1793, 'steam:11000010cfa434a', 'iron', 0),
(1794, 'steam:11000010cfa434a', 'carokit', 0),
(1795, 'steam:11000010cfa434a', 'coke', 0),
(1796, 'steam:11000010cfa434a', 'blowpipe', 0),
(1797, 'steam:11000010cfa434a', 'fish', 0),
(1798, 'steam:11000010cfa434a', 'fabric', 0),
(1799, 'steam:11000010cfa434a', 'copper', 0),
(1800, 'steam:11000010cfa434a', 'fixtool', 0),
(1801, 'steam:11000010cfa434a', 'washed_stone', 0),
(1802, 'steam:11000010cfa434a', 'medikit', 0),
(1803, 'steam:11000010cfa434a', 'marijuana', 0),
(1804, 'steam:11000010cfa434a', 'packaged_plank', 0),
(1805, 'steam:11000010cfa434a', 'weed', 0),
(1806, 'steam:11000010cfa434a', 'packaged_chicken', 0),
(1807, 'steam:11000010cfa434a', 'bread', 0),
(1808, 'steam:11000010cfa434a', 'petrol', 0),
(1809, 'steam:11000010cfa434a', 'opium_pooch', 0),
(1810, 'steam:11000010cfa434a', 'wood', 0),
(1811, 'steam:11000010cfa434a', 'xanax', 0),
(1812, 'steam:11000010cfa434a', 'coke_pooch', 0),
(1813, 'steam:11000010cfa434a', 'gazbottle', 0),
(1814, 'steam:11000010cfa434a', 'wool', 0),
(1815, 'steam:11000010cfa434a', 'weed_pooch', 0),
(1816, 'steam:11000010cfa434a', 'cutted_wood', 0),
(1817, 'steam:11000010cfa434a', 'moonshine_pooch', 0),
(1818, 'steam:11000010cfa434a', 'clothe', 0),
(1819, 'steam:11000010cfa434a', 'carotool', 0),
(1820, 'steam:11000010cfa434a', 'water', 0),
(1821, 'steam:11000010cfa434a', 'slaughtered_chicken', 0),
(1822, 'steam:11000010cfa434a', 'moonshine', 0),
(1823, 'steam:11000010cfa434a', 'meth', 0),
(1824, 'steam:11000010cfa434a', 'fixkit', 0),
(1825, 'steam:11000010cfa434a', 'cannabis', 0),
(1826, 'steam:11000010cfa434a', 'meth_pooch', 0),
(1827, 'steam:11000010cfa434a', 'alive_chicken', 0),
(1828, 'steam:11000010cfa434a', 'blackberry', 0),
(1829, 'steam:11000010cfa434a', 'jewels', 0),
(1830, 'steam:11000010568f675', 'opium_pooch', 0),
(1831, 'steam:11000010568f675', 'meth_pooch', 0),
(1832, 'steam:11000010568f675', 'medikit', 0),
(1833, 'steam:11000010568f675', 'clothe', 0),
(1834, 'steam:11000010568f675', 'water', 0),
(1835, 'steam:11000010568f675', 'moonshine_pooch', 0),
(1836, 'steam:11000010568f675', 'coke_pooch', 0),
(1837, 'steam:11000010568f675', 'weed_pooch', 0),
(1838, 'steam:11000010568f675', 'petrol', 0),
(1839, 'steam:11000010568f675', 'fabric', 0),
(1840, 'steam:11000010568f675', 'blowpipe', 0),
(1841, 'steam:11000010568f675', 'coke', 0),
(1842, 'steam:11000010568f675', 'fixkit', 0),
(1843, 'steam:11000010568f675', 'copper', 0),
(1844, 'steam:11000010568f675', 'cutted_wood', 0),
(1845, 'steam:11000010568f675', 'bandage', 0),
(1846, 'steam:11000010568f675', 'petrol_raffin', 0),
(1847, 'steam:11000010568f675', 'iron', 0),
(1848, 'steam:11000010568f675', 'xanax', 0),
(1849, 'steam:11000010568f675', 'wool', 0),
(1850, 'steam:11000010568f675', 'weed', 0),
(1851, 'steam:11000010568f675', 'wood', 0),
(1852, 'steam:11000010568f675', 'moonshine', 0),
(1853, 'steam:11000010568f675', 'stone', 0),
(1854, 'steam:11000010568f675', 'slaughtered_chicken', 0),
(1855, 'steam:11000010568f675', 'jewels', 0),
(1856, 'steam:11000010568f675', 'alive_chicken', 0),
(1857, 'steam:11000010568f675', 'gold', 0),
(1858, 'steam:11000010568f675', 'packaged_chicken', 0),
(1859, 'steam:11000010568f675', 'gazbottle', 0),
(1860, 'steam:11000010568f675', 'fixtool', 0),
(1861, 'steam:11000010568f675', 'clip', 0),
(1862, 'steam:11000010568f675', 'carotool', 0),
(1863, 'steam:11000010568f675', 'opium', 0),
(1864, 'steam:11000010568f675', 'meth', 0),
(1865, 'steam:11000010568f675', 'carokit', 0),
(1866, 'steam:11000010568f675', 'washed_stone', 0),
(1867, 'steam:11000010568f675', 'cannabis', 0),
(1868, 'steam:11000010568f675', 'blackberry', 0),
(1869, 'steam:11000010568f675', 'essence', 0),
(1870, 'steam:11000010568f675', 'diamond', 0),
(1871, 'steam:11000010568f675', 'marijuana', 0),
(1872, 'steam:11000010568f675', 'packaged_plank', 0),
(1873, 'steam:11000010568f675', 'bread', 0),
(1874, 'steam:11000010568f675', 'fish', 0),
(1875, 'steam:11000010a2d91bc', 'blackberry', 0),
(1876, 'steam:11000010a2d91bc', 'weed_pooch', 0),
(1877, 'steam:11000010a2d91bc', 'moonshine', 0),
(1878, 'steam:11000010a2d91bc', 'fixkit', 0),
(1879, 'steam:11000010a2d91bc', 'slaughtered_chicken', 0),
(1880, 'steam:11000010a2d91bc', 'cannabis', 0),
(1881, 'steam:11000010a2d91bc', 'diamond', 0),
(1882, 'steam:11000010a2d91bc', 'xanax', 0),
(1883, 'steam:11000010a2d91bc', 'stone', 0),
(1884, 'steam:11000010a2d91bc', 'wool', 0),
(1885, 'steam:11000010a2d91bc', 'packaged_plank', 0),
(1886, 'steam:11000010a2d91bc', 'fixtool', 0),
(1887, 'steam:11000010a2d91bc', 'opium', 0),
(1888, 'steam:11000010a2d91bc', 'blowpipe', 0),
(1889, 'steam:11000010a2d91bc', 'marijuana', 0),
(1890, 'steam:11000010a2d91bc', 'packaged_chicken', 0),
(1891, 'steam:11000010a2d91bc', 'petrol_raffin', 0),
(1892, 'steam:11000010a2d91bc', 'cutted_wood', 0),
(1893, 'steam:11000010a2d91bc', 'carotool', 0),
(1894, 'steam:11000010a2d91bc', 'opium_pooch', 0),
(1895, 'steam:11000010a2d91bc', 'fish', 0),
(1896, 'steam:11000010a2d91bc', 'washed_stone', 0),
(1897, 'steam:11000010a2d91bc', 'moonshine_pooch', 0),
(1898, 'steam:11000010a2d91bc', 'gazbottle', 0),
(1899, 'steam:11000010a2d91bc', 'wood', 0),
(1900, 'steam:11000010a2d91bc', 'weed', 0),
(1901, 'steam:11000010a2d91bc', 'water', 0),
(1902, 'steam:11000010a2d91bc', 'coke', 0),
(1903, 'steam:11000010a2d91bc', 'petrol', 0),
(1904, 'steam:11000010a2d91bc', 'meth_pooch', 0),
(1905, 'steam:11000010a2d91bc', 'essence', 0),
(1906, 'steam:11000010a2d91bc', 'clip', 0),
(1907, 'steam:11000010a2d91bc', 'iron', 0),
(1908, 'steam:11000010a2d91bc', 'alive_chicken', 0),
(1909, 'steam:11000010a2d91bc', 'bread', 0),
(1910, 'steam:11000010a2d91bc', 'fabric', 0),
(1911, 'steam:11000010a2d91bc', 'medikit', 0),
(1912, 'steam:11000010a2d91bc', 'clothe', 0),
(1913, 'steam:11000010a2d91bc', 'jewels', 0),
(1914, 'steam:11000010a2d91bc', 'carokit', 0),
(1915, 'steam:11000010a2d91bc', 'gold', 0),
(1916, 'steam:11000010a2d91bc', 'coke_pooch', 0),
(1917, 'steam:11000010a2d91bc', 'bandage', 0),
(1918, 'steam:11000010a2d91bc', 'copper', 0),
(1919, 'steam:11000010a2d91bc', 'meth', 0),
(1920, 'steam:110000116adf2be', 'bandage', 0),
(1921, 'steam:110000116adf2be', 'blowpipe', 0),
(1922, 'steam:110000116adf2be', 'opium', 0),
(1923, 'steam:110000116adf2be', 'moonshine_pooch', 0),
(1924, 'steam:110000116adf2be', 'clothe', 0),
(1925, 'steam:110000116adf2be', 'iron', 0),
(1926, 'steam:110000116adf2be', 'xanax', 0),
(1927, 'steam:110000116adf2be', 'coke', 0),
(1928, 'steam:110000116adf2be', 'wool', 0),
(1929, 'steam:110000116adf2be', 'weed_pooch', 0),
(1930, 'steam:110000116adf2be', 'medikit', 0),
(1931, 'steam:110000116adf2be', 'diamond', 0),
(1932, 'steam:110000116adf2be', 'wood', 0),
(1933, 'steam:110000116adf2be', 'meth', 0),
(1934, 'steam:110000116adf2be', 'fabric', 0),
(1935, 'steam:110000116adf2be', 'cutted_wood', 0),
(1936, 'steam:110000116adf2be', 'petrol', 0),
(1937, 'steam:110000116adf2be', 'slaughtered_chicken', 0),
(1938, 'steam:110000116adf2be', 'weed', 0),
(1939, 'steam:110000116adf2be', 'water', 0),
(1940, 'steam:110000116adf2be', 'carotool', 0),
(1941, 'steam:110000116adf2be', 'alive_chicken', 0),
(1942, 'steam:110000116adf2be', 'stone', 0),
(1943, 'steam:110000116adf2be', 'petrol_raffin', 0),
(1944, 'steam:110000116adf2be', 'packaged_plank', 0),
(1945, 'steam:110000116adf2be', 'copper', 0),
(1946, 'steam:110000116adf2be', 'jewels', 0),
(1947, 'steam:110000116adf2be', 'coke_pooch', 0),
(1948, 'steam:110000116adf2be', 'fixkit', 0),
(1949, 'steam:110000116adf2be', 'clip', 0),
(1950, 'steam:110000116adf2be', 'opium_pooch', 0),
(1951, 'steam:110000116adf2be', 'meth_pooch', 0),
(1952, 'steam:110000116adf2be', 'packaged_chicken', 0),
(1953, 'steam:110000116adf2be', 'gold', 0),
(1954, 'steam:110000116adf2be', 'moonshine', 0),
(1955, 'steam:110000116adf2be', 'carokit', 0),
(1956, 'steam:110000116adf2be', 'blackberry', 0),
(1957, 'steam:110000116adf2be', 'washed_stone', 0),
(1958, 'steam:110000116adf2be', 'gazbottle', 0),
(1959, 'steam:110000116adf2be', 'bread', 0),
(1960, 'steam:110000116adf2be', 'fish', 0),
(1961, 'steam:110000116adf2be', 'marijuana', 0),
(1962, 'steam:110000116adf2be', 'essence', 0),
(1963, 'steam:110000116adf2be', 'fixtool', 0),
(1964, 'steam:110000116adf2be', 'cannabis', 0),
(1965, 'steam:1100001004697cf', 'stone', 0),
(1966, 'steam:1100001004697cf', 'diamond', 0),
(1967, 'steam:1100001004697cf', 'blowpipe', 0),
(1968, 'steam:1100001004697cf', 'marijuana', 0),
(1969, 'steam:1100001004697cf', 'meth_pooch', 0),
(1970, 'steam:1100001004697cf', 'cutted_wood', 0),
(1971, 'steam:1100001004697cf', 'fabric', 0),
(1972, 'steam:1100001004697cf', 'coke_pooch', 0),
(1973, 'steam:1100001004697cf', 'water', 0),
(1974, 'steam:1100001004697cf', 'cannabis', 0),
(1975, 'steam:1100001004697cf', 'packaged_chicken', 0),
(1976, 'steam:1100001004697cf', 'moonshine_pooch', 0),
(1977, 'steam:1100001004697cf', 'bread', 0),
(1978, 'steam:1100001004697cf', 'washed_stone', 0),
(1979, 'steam:1100001004697cf', 'alive_chicken', 0),
(1980, 'steam:1100001004697cf', 'carotool', 0),
(1981, 'steam:1100001004697cf', 'clip', 0),
(1982, 'steam:1100001004697cf', 'fixtool', 0),
(1983, 'steam:1100001004697cf', 'opium', 0),
(1984, 'steam:1100001004697cf', 'petrol', 0),
(1985, 'steam:1100001004697cf', 'clothe', 0),
(1986, 'steam:1100001004697cf', 'petrol_raffin', 0),
(1987, 'steam:1100001004697cf', 'xanax', 0),
(1988, 'steam:1100001004697cf', 'wool', 0),
(1989, 'steam:1100001004697cf', 'carokit', 0),
(1990, 'steam:1100001004697cf', 'opium_pooch', 0),
(1991, 'steam:1100001004697cf', 'gold', 0),
(1992, 'steam:1100001004697cf', 'copper', 0),
(1993, 'steam:1100001004697cf', 'meth', 0),
(1994, 'steam:1100001004697cf', 'weed_pooch', 0),
(1995, 'steam:1100001004697cf', 'medikit', 0),
(1996, 'steam:1100001004697cf', 'weed', 0),
(1997, 'steam:1100001004697cf', 'slaughtered_chicken', 0),
(1998, 'steam:1100001004697cf', 'fish', 0),
(1999, 'steam:1100001004697cf', 'packaged_plank', 0),
(2000, 'steam:1100001004697cf', 'iron', 0),
(2001, 'steam:1100001004697cf', 'blackberry', 0),
(2002, 'steam:1100001004697cf', 'essence', 0),
(2003, 'steam:1100001004697cf', 'fixkit', 0),
(2004, 'steam:1100001004697cf', 'jewels', 0),
(2005, 'steam:1100001004697cf', 'moonshine', 0),
(2006, 'steam:1100001004697cf', 'bandage', 0),
(2007, 'steam:1100001004697cf', 'wood', 0),
(2008, 'steam:1100001004697cf', 'gazbottle', 0),
(2009, 'steam:1100001004697cf', 'coke', 0),
(2010, 'steam:11000010670cfb3', 'meth_pooch', 0),
(2011, 'steam:11000010670cfb3', 'moonshine', 0),
(2012, 'steam:11000010670cfb3', 'meth', 0),
(2013, 'steam:11000010670cfb3', 'weed', 0),
(2014, 'steam:11000010670cfb3', 'opium_pooch', 0),
(2015, 'steam:11000010670cfb3', 'weed_pooch', 0),
(2016, 'steam:11000010670cfb3', 'moonshine_pooch', 0),
(2017, 'steam:11000010670cfb3', 'coke', 0),
(2018, 'steam:11000010670cfb3', 'opium', 0),
(2019, 'steam:11000010670cfb3', 'jewels', 0),
(2020, 'steam:11000010670cfb3', 'coke_pooch', 0),
(2021, 'steam:11000010ed08604', 'coke', 0),
(2022, 'steam:11000010ed08604', 'meth', 0),
(2023, 'steam:11000010ed08604', 'wood', 0),
(2024, 'steam:11000010ed08604', 'carotool', 0),
(2025, 'steam:11000010ed08604', 'diamond', 0),
(2026, 'steam:11000010ed08604', 'meth_pooch', 0),
(2027, 'steam:11000010ed08604', 'water', 0),
(2028, 'steam:11000010ed08604', 'medikit', 0),
(2029, 'steam:11000010ed08604', 'blowpipe', 0),
(2030, 'steam:11000010ed08604', 'blackberry', 0),
(2031, 'steam:11000010ed08604', 'essence', 0),
(2032, 'steam:11000010ed08604', 'cutted_wood', 0),
(2033, 'steam:11000010ed08604', 'gazbottle', 0),
(2034, 'steam:11000010ed08604', 'wool', 0),
(2035, 'steam:11000010ed08604', 'gold', 0),
(2036, 'steam:11000010ed08604', 'coke_pooch', 0),
(2037, 'steam:11000010ed08604', 'cannabis', 0),
(2038, 'steam:11000010ed08604', 'fixkit', 0),
(2039, 'steam:11000010ed08604', 'packaged_plank', 0),
(2040, 'steam:11000010ed08604', 'bread', 0),
(2041, 'steam:11000010ed08604', 'iron', 0),
(2042, 'steam:11000010ed08604', 'moonshine_pooch', 0),
(2043, 'steam:11000010ed08604', 'opium', 0),
(2044, 'steam:11000010ed08604', 'xanax', 0),
(2045, 'steam:11000010ed08604', 'copper', 0),
(2046, 'steam:11000010ed08604', 'clip', 0),
(2047, 'steam:11000010ed08604', 'weed_pooch', 0),
(2048, 'steam:11000010ed08604', 'weed', 0),
(2049, 'steam:11000010ed08604', 'washed_stone', 0),
(2050, 'steam:11000010ed08604', 'bandage', 0),
(2051, 'steam:11000010ed08604', 'stone', 0),
(2052, 'steam:11000010ed08604', 'clothe', 0),
(2053, 'steam:11000010ed08604', 'jewels', 0),
(2054, 'steam:11000010ed08604', 'fabric', 0),
(2055, 'steam:11000010ed08604', 'slaughtered_chicken', 0),
(2056, 'steam:11000010ed08604', 'fish', 0),
(2057, 'steam:11000010ed08604', 'petrol_raffin', 0),
(2058, 'steam:11000010ed08604', 'petrol', 0),
(2059, 'steam:11000010ed08604', 'packaged_chicken', 0),
(2060, 'steam:11000010ed08604', 'moonshine', 0),
(2061, 'steam:11000010ed08604', 'fixtool', 0),
(2062, 'steam:11000010ed08604', 'opium_pooch', 0),
(2063, 'steam:11000010ed08604', 'alive_chicken', 0),
(2064, 'steam:11000010ed08604', 'marijuana', 0),
(2065, 'steam:11000010ed08604', 'carokit', 0),
(2066, 'steam:11000013481a568', 'coke', 0),
(2067, 'steam:11000013481a568', 'diamond', 0),
(2068, 'steam:11000013481a568', 'carotool', 0),
(2069, 'steam:11000013481a568', 'meth', 0),
(2070, 'steam:11000013481a568', 'wood', 0),
(2071, 'steam:11000013481a568', 'meth_pooch', 0),
(2072, 'steam:11000013481a568', 'water', 0),
(2073, 'steam:11000013481a568', 'medikit', 0),
(2074, 'steam:11000013481a568', 'blowpipe', 0),
(2075, 'steam:11000013481a568', 'blackberry', 0),
(2076, 'steam:11000013481a568', 'essence', 0),
(2077, 'steam:11000013481a568', 'cutted_wood', 0),
(2078, 'steam:11000013481a568', 'gazbottle', 0),
(2079, 'steam:11000013481a568', 'wool', 0),
(2080, 'steam:11000013481a568', 'gold', 0),
(2081, 'steam:11000013481a568', 'coke_pooch', 0),
(2082, 'steam:11000013481a568', 'cannabis', 0),
(2083, 'steam:11000013481a568', 'fixkit', 0),
(2084, 'steam:11000013481a568', 'packaged_plank', 0),
(2085, 'steam:11000013481a568', 'bread', 0),
(2086, 'steam:11000013481a568', 'iron', 0),
(2087, 'steam:11000013481a568', 'moonshine_pooch', 0),
(2088, 'steam:11000013481a568', 'opium', 0),
(2089, 'steam:11000013481a568', 'xanax', 0),
(2090, 'steam:11000013481a568', 'copper', 0),
(2091, 'steam:11000013481a568', 'clip', 0),
(2092, 'steam:11000013481a568', 'weed_pooch', 0),
(2093, 'steam:11000013481a568', 'weed', 0),
(2094, 'steam:11000013481a568', 'washed_stone', 0),
(2095, 'steam:11000013481a568', 'bandage', 0),
(2096, 'steam:11000013481a568', 'stone', 0),
(2097, 'steam:11000013481a568', 'clothe', 0),
(2098, 'steam:11000013481a568', 'jewels', 0),
(2099, 'steam:11000013481a568', 'fabric', 0),
(2100, 'steam:11000013481a568', 'slaughtered_chicken', 0),
(2101, 'steam:11000013481a568', 'fish', 0),
(2102, 'steam:11000013481a568', 'petrol_raffin', 0),
(2103, 'steam:11000013481a568', 'petrol', 0),
(2104, 'steam:11000013481a568', 'packaged_chicken', 0),
(2105, 'steam:11000013481a568', 'moonshine', 0),
(2106, 'steam:11000013481a568', 'fixtool', 0),
(2107, 'steam:11000013481a568', 'opium_pooch', 0),
(2108, 'steam:11000013481a568', 'alive_chicken', 0),
(2109, 'steam:11000013481a568', 'marijuana', 0),
(2110, 'steam:11000013481a568', 'carokit', 0),
(2111, 'steam:11000010a693f36', 'jewels', 0),
(2112, 'steam:11000010a693f36', 'petrol_raffin', 0),
(2113, 'steam:11000010a693f36', 'medikit', 0),
(2114, 'steam:11000010a693f36', 'iron', 0),
(2115, 'steam:11000010a693f36', 'slaughtered_chicken', 0),
(2116, 'steam:11000010a693f36', 'weed', 0),
(2117, 'steam:11000010a693f36', 'coke_pooch', 0),
(2118, 'steam:11000010a693f36', 'fabric', 0),
(2119, 'steam:11000010a693f36', 'bandage', 0),
(2120, 'steam:11000010a693f36', 'fixtool', 0),
(2121, 'steam:11000010a693f36', 'bread', 0),
(2122, 'steam:11000010a693f36', 'opium_pooch', 0),
(2123, 'steam:11000010a693f36', 'moonshine_pooch', 0),
(2124, 'steam:11000010a693f36', 'fish', 0),
(2125, 'steam:11000010a693f36', 'gazbottle', 0),
(2126, 'steam:11000010a693f36', 'gold', 0),
(2127, 'steam:11000010a693f36', 'carotool', 0),
(2128, 'steam:11000010a693f36', 'carokit', 0),
(2129, 'steam:11000010a693f36', 'alive_chicken', 0),
(2130, 'steam:11000010a693f36', 'weed_pooch', 0),
(2131, 'steam:11000010a693f36', 'diamond', 0),
(2132, 'steam:11000010a693f36', 'petrol', 0),
(2133, 'steam:11000010a693f36', 'cutted_wood', 0),
(2134, 'steam:11000010a693f36', 'xanax', 0),
(2135, 'steam:11000010a693f36', 'wool', 0),
(2136, 'steam:11000010a693f36', 'copper', 0),
(2137, 'steam:11000010a693f36', 'fixkit', 0),
(2138, 'steam:11000010a693f36', 'moonshine', 0),
(2139, 'steam:11000010a693f36', 'water', 0),
(2140, 'steam:11000010a693f36', 'washed_stone', 0),
(2141, 'steam:11000010a693f36', 'clip', 0),
(2142, 'steam:11000010a693f36', 'stone', 0),
(2143, 'steam:11000010a693f36', 'opium', 0),
(2144, 'steam:11000010a693f36', 'wood', 0),
(2145, 'steam:11000010a693f36', 'packaged_chicken', 0),
(2146, 'steam:11000010a693f36', 'coke', 0),
(2147, 'steam:11000010a693f36', 'blowpipe', 0),
(2148, 'steam:11000010a693f36', 'packaged_plank', 0),
(2149, 'steam:11000010a693f36', 'meth_pooch', 0),
(2150, 'steam:11000010a693f36', 'meth', 0),
(2151, 'steam:11000010a693f36', 'blackberry', 0),
(2152, 'steam:11000010a693f36', 'cannabis', 0),
(2153, 'steam:11000010a693f36', 'marijuana', 0),
(2154, 'steam:11000010a693f36', 'clothe', 0),
(2155, 'steam:11000010a693f36', 'essence', 0),
(2156, 'steam:1100001091a359d', 'fabric', 0),
(2157, 'steam:1100001091a359d', 'essence', 0),
(2158, 'steam:1100001091a359d', 'jewels', 0),
(2159, 'steam:1100001091a359d', 'packaged_chicken', 0),
(2160, 'steam:1100001091a359d', 'meth', 0),
(2161, 'steam:1100001091a359d', 'fixtool', 0),
(2162, 'steam:1100001091a359d', 'xanax', 0),
(2163, 'steam:1100001091a359d', 'weed', 0),
(2164, 'steam:1100001091a359d', 'carotool', 0),
(2165, 'steam:1100001091a359d', 'clip', 0),
(2166, 'steam:1100001091a359d', 'gazbottle', 0),
(2167, 'steam:1100001091a359d', 'coke_pooch', 0),
(2168, 'steam:1100001091a359d', 'opium_pooch', 0),
(2169, 'steam:1100001091a359d', 'cannabis', 0),
(2170, 'steam:1100001091a359d', 'bread', 0),
(2171, 'steam:1100001091a359d', 'blowpipe', 0),
(2172, 'steam:1100001091a359d', 'fish', 0),
(2173, 'steam:1100001091a359d', 'cutted_wood', 0),
(2174, 'steam:1100001091a359d', 'clothe', 0),
(2175, 'steam:1100001091a359d', 'copper', 0),
(2176, 'steam:1100001091a359d', 'gold', 0),
(2177, 'steam:1100001091a359d', 'water', 0),
(2178, 'steam:1100001091a359d', 'wool', 0),
(2179, 'steam:1100001091a359d', 'wood', 0),
(2180, 'steam:1100001091a359d', 'blackberry', 0),
(2181, 'steam:1100001091a359d', 'coke', 0),
(2182, 'steam:1100001091a359d', 'opium', 0),
(2183, 'steam:1100001091a359d', 'stone', 0),
(2184, 'steam:1100001091a359d', 'petrol_raffin', 0),
(2185, 'steam:1100001091a359d', 'alive_chicken', 0),
(2186, 'steam:1100001091a359d', 'marijuana', 0),
(2187, 'steam:1100001091a359d', 'slaughtered_chicken', 0),
(2188, 'steam:1100001091a359d', 'moonshine_pooch', 0),
(2189, 'steam:1100001091a359d', 'carokit', 0),
(2190, 'steam:1100001091a359d', 'petrol', 0),
(2191, 'steam:1100001091a359d', 'bandage', 0),
(2192, 'steam:1100001091a359d', 'weed_pooch', 0),
(2193, 'steam:1100001091a359d', 'washed_stone', 0),
(2194, 'steam:1100001091a359d', 'moonshine', 0),
(2195, 'steam:1100001091a359d', 'meth_pooch', 0),
(2196, 'steam:1100001091a359d', 'diamond', 0),
(2197, 'steam:1100001091a359d', 'packaged_plank', 0),
(2198, 'steam:1100001091a359d', 'medikit', 0),
(2199, 'steam:1100001091a359d', 'iron', 0),
(2200, 'steam:1100001091a359d', 'fixkit', 0),
(2201, 'steam:11000010b229b3e', 'bread', 0),
(2202, 'steam:11000010b229b3e', 'fabric', 0),
(2203, 'steam:11000010b229b3e', 'opium_pooch', 0),
(2204, 'steam:11000010b229b3e', 'meth', 0),
(2205, 'steam:11000010b229b3e', 'coke_pooch', 0),
(2206, 'steam:11000010b229b3e', 'moonshine_pooch', 0),
(2207, 'steam:11000010b229b3e', 'blowpipe', 0),
(2208, 'steam:11000010b229b3e', 'gazbottle', 0),
(2209, 'steam:11000010b229b3e', 'fish', 0),
(2210, 'steam:11000010b229b3e', 'carotool', 0),
(2211, 'steam:11000010b229b3e', 'cutted_wood', 0),
(2212, 'steam:11000010b229b3e', 'washed_stone', 0),
(2213, 'steam:11000010b229b3e', 'wool', 0),
(2214, 'steam:11000010b229b3e', 'marijuana', 0),
(2215, 'steam:11000010b229b3e', 'clip', 0),
(2216, 'steam:11000010b229b3e', 'jewels', 0),
(2217, 'steam:11000010b229b3e', 'packaged_chicken', 0),
(2218, 'steam:11000010b229b3e', 'opium', 0),
(2219, 'steam:11000010b229b3e', 'xanax', 0),
(2220, 'steam:11000010b229b3e', 'fixkit', 0),
(2221, 'steam:11000010b229b3e', 'wood', 0),
(2222, 'steam:11000010b229b3e', 'weed_pooch', 0),
(2223, 'steam:11000010b229b3e', 'petrol', 0),
(2224, 'steam:11000010b229b3e', 'weed', 0),
(2225, 'steam:11000010b229b3e', 'water', 0),
(2226, 'steam:11000010b229b3e', 'stone', 0),
(2227, 'steam:11000010b229b3e', 'diamond', 0),
(2228, 'steam:11000010b229b3e', 'slaughtered_chicken', 0),
(2229, 'steam:11000010b229b3e', 'bandage', 0),
(2230, 'steam:11000010b229b3e', 'petrol_raffin', 0),
(2231, 'steam:11000010b229b3e', 'copper', 0),
(2232, 'steam:11000010b229b3e', 'coke', 0),
(2233, 'steam:11000010b229b3e', 'meth_pooch', 0),
(2234, 'steam:11000010b229b3e', 'packaged_plank', 0),
(2235, 'steam:11000010b229b3e', 'moonshine', 0),
(2236, 'steam:11000010b229b3e', 'carokit', 0),
(2237, 'steam:11000010b229b3e', 'essence', 0),
(2238, 'steam:11000010b229b3e', 'iron', 0),
(2239, 'steam:11000010b229b3e', 'medikit', 0),
(2240, 'steam:11000010b229b3e', 'gold', 0),
(2241, 'steam:11000010b229b3e', 'clothe', 0),
(2242, 'steam:11000010b229b3e', 'blackberry', 0),
(2243, 'steam:11000010b229b3e', 'fixtool', 0),
(2244, 'steam:11000010b229b3e', 'alive_chicken', 0),
(2245, 'steam:11000010b229b3e', 'cannabis', 0);

-- --------------------------------------------------------

--
-- Table structure for table `user_lastcharacter`
--

CREATE TABLE `user_lastcharacter` (
  `steamid` varchar(255) NOT NULL,
  `charid` int(11) NOT NULL
) ENGINE=InnoDB DEFAULT CHARSET=latin1;

--
-- Dumping data for table `user_lastcharacter`
--

INSERT INTO `user_lastcharacter` (`steamid`, `charid`) VALUES
('steam:110000100a8294c', 1),
('steam:110000101917bfc', 2),
('steam:11000010a700f57', 2),
('steam:1100001139f4e45', 2),
('steam:11000010670cfb3', 1),
('steam:11000010cae89f6', 1),
('steam:110000108be35c6', 2),
('steam:11000010530efb9', 1),
('steam:1100001063b7cc2', 1),
('steam:110000136441712', 1),
('steam:1100001337336fa', 1),
('steam:1100001050a5e61', 1),
('steam:110000117f1fdc6', 1),
('steam:11000011895b45c', 2),
('steam:110000111bca201', 1),
('steam:110000104b06470', 1),
('steam:1100001139909d2', 1),
('steam:11000013b5ee510', 4),
('steam:110000107aeb9ba', 1),
('steam:1100001167b4dfd', 1),
('steam:110000134e58e98', 1),
('steam:1100001347c40b7', 1),
('steam:11000011183195e', 1),
('steam:110000107e3d0e9', 1),
('steam:11000010ae8dcf4', 1),
('steam:1100001188a7132', 1),
('steam:11000013813f194', 1),
('steam:110000111a12a7c', 1),
('steam:11000013b4470cb', 1),
('steam:110000116adf2be', 2),
('steam:110000108645f75', 1),
('steam:11000011517e46a', 1),
('steam:11000010cfa434a', 2),
('steam:11000010568f675', 1),
('steam:11000010a2d91bc', 1),
('steam:1100001004697cf', 1),
('steam:11000010ed08604', 1),
('steam:11000011d4952dc', 1),
('steam:11000013481a568', 1),
('steam:11000010a693f36', 1),
('steam:1100001091a359d', 1),
('steam:11000010b229b3e', 1);

-- --------------------------------------------------------

--
-- Table structure for table `user_licenses`
--

CREATE TABLE `user_licenses` (
  `id` int(11) NOT NULL,
  `type` varchar(60) NOT NULL,
  `owner` varchar(60) NOT NULL
) ENGINE=InnoDB DEFAULT CHARSET=latin1;

--
-- Dumping data for table `user_licenses`
--

INSERT INTO `user_licenses` (`id`, `type`, `owner`) VALUES
(1, 'dmv', 'steam:110000100a8294c'),
(5, 'dmv', 'steam:11000010670cfb3'),
(6, 'drive', 'steam:11000010670cfb3'),
(7, 'dmv', 'steam:11000010cae89f6'),
(8, 'drive', 'steam:11000010cae89f6'),
(10, 'dmv', 'steam:11000010530efb9'),
(12, 'weapon', 'steam:11000010670cfb3'),
(13, 'weapon', 'Char1:110000108be35c6'),
(14, 'dmv', 'Char1:110000108be35c6'),
(15, 'drive', 'Char1:110000108be35c6'),
(16, 'drive_truck', 'Char1:110000108be35c6'),
(17, 'weapon', 'Char1:110000101917bfc'),
(19, 'weapon', 'steam:1100001050a5e61'),
(20, 'weapon', 'steam:110000108be35c6'),
(21, 'weapon', 'steam:110000101917bfc'),
(22, 'drive', 'steam:110000100a8294c'),
(23, 'dmv', 'steam:11000011517e46a'),
(24, 'drive', 'steam:11000011517e46a'),
(25, 'dmv', 'steam:11000010b229b3e'),
(26, 'dmv', 'steam:1100001091a359d'),
(27, 'drive_bike', 'steam:11000010b229b3e'),
(28, 'drive', 'steam:1100001091a359d'),
(29, 'weapon', 'steam:11000010b229b3e');

-- --------------------------------------------------------

--
-- Table structure for table `vehicles`
--

CREATE TABLE `vehicles` (
  `name` varchar(60) NOT NULL,
  `model` varchar(60) NOT NULL,
  `price` int(11) NOT NULL,
  `category` varchar(60) DEFAULT NULL
) ENGINE=InnoDB DEFAULT CHARSET=latin1;

--
-- Dumping data for table `vehicles`
--

INSERT INTO `vehicles` (`name`, `model`, `price`, `category`) VALUES
('Adder', 'adder', 900000, 'super'),
('Akuma', 'AKUMA', 7500, 'motorcycles'),
('Alpha', 'alpha', 60000, 'sports'),
('Ardent', 'ardent', 1150000, 'sportsclassics'),
('Asea', 'asea', 5500, 'sedans'),
('Autarch', 'autarch', 1955000, 'super'),
('Avarus', 'avarus', 18000, 'motorcycles'),
('Bagger', 'bagger', 13500, 'motorcycles'),
('Baller', 'baller2', 40000, 'suvs'),
('Baller Sport', 'baller3', 60000, 'suvs'),
('Banshee', 'banshee', 70000, 'sports'),
('Banshee 900R', 'banshee2', 255000, 'super'),
('Bati 801', 'bati', 12000, 'motorcycles'),
('Bati 801RR', 'bati2', 19000, 'motorcycles'),
('Bestia GTS', 'bestiagts', 55000, 'sports'),
('BF400', 'bf400', 6500, 'motorcycles'),
('Bf Injection', 'bfinjection', 16000, 'offroad'),
('Bifta', 'bifta', 12000, 'offroad'),
('Bison', 'bison', 45000, 'vans'),
('Blade', 'blade', 15000, 'muscle'),
('Blazer', 'blazer', 6500, 'offroad'),
('Blazer Sport', 'blazer4', 8500, 'offroad'),
('blazer5', 'blazer5', 1755600, 'offroad'),
('Blista', 'blista', 8000, 'compacts'),
('BMX (velo)', 'bmx', 160, 'motorcycles'),
('Bobcat XL', 'bobcatxl', 32000, 'vans'),
('Brawler', 'brawler', 45000, 'offroad'),
('Brioso R/A', 'brioso', 18000, 'compacts'),
('Btype', 'btype', 62000, 'sportsclassics'),
('Btype Hotroad', 'btype2', 155000, 'sportsclassics'),
('Btype Luxe', 'btype3', 85000, 'sportsclassics'),
('Buccaneer', 'buccaneer', 18000, 'muscle'),
('Buccaneer Rider', 'buccaneer2', 24000, 'muscle'),
('Buffalo', 'buffalo', 12000, 'sports'),
('Buffalo S', 'buffalo2', 20000, 'sports'),
('Bullet', 'bullet', 90000, 'super'),
('Burrito', 'burrito3', 19000, 'vans'),
('Camper', 'camper', 42000, 'vans'),
('Carbonizzare', 'carbonizzare', 75000, 'sports'),
('Carbon RS', 'carbonrs', 18000, 'motorcycles'),
('Casco', 'casco', 30000, 'sportsclassics'),
('Cavalcade', 'cavalcade2', 55000, 'suvs'),
('Cheetah', 'cheetah', 375000, 'super'),
('Chimera', 'chimera', 38000, 'motorcycles'),
('Chino', 'chino', 15000, 'muscle'),
('Chino Luxe', 'chino2', 19000, 'muscle'),
('Cliffhanger', 'cliffhanger', 9500, 'motorcycles'),
('Cognoscenti Cabrio', 'cogcabrio', 55000, 'coupes'),
('Cognoscenti', 'cognoscenti', 55000, 'sedans'),
('Comet', 'comet2', 65000, 'sports'),
('Comet 5', 'comet5', 1145000, 'sports'),
('Contender', 'contender', 70000, 'suvs'),
('Coquette', 'coquette', 65000, 'sports'),
('Coquette Classic', 'coquette2', 40000, 'sportsclassics'),
('Coquette BlackFin', 'coquette3', 55000, 'muscle'),
('Cruiser (velo)', 'cruiser', 510, 'motorcycles'),
('Cyclone', 'cyclone', 1890000, 'super'),
('Daemon', 'daemon', 11500, 'motorcycles'),
('Daemon High', 'daemon2', 13500, 'motorcycles'),
('Defiler', 'defiler', 9800, 'motorcycles'),
('Deluxo', 'deluxo', 4721500, 'sportsclassics'),
('Dominator', 'dominator', 35000, 'muscle'),
('Double T', 'double', 28000, 'motorcycles'),
('Dubsta', 'dubsta', 45000, 'suvs'),
('Dubsta Luxuary', 'dubsta2', 60000, 'suvs'),
('Bubsta 6x6', 'dubsta3', 120000, 'offroad'),
('Dukes', 'dukes', 28000, 'muscle'),
('Dune Buggy', 'dune', 8000, 'offroad'),
('Elegy', 'elegy2', 38500, 'sports'),
('Emperor', 'emperor', 8500, 'sedans'),
('Enduro', 'enduro', 5500, 'motorcycles'),
('Entity XF', 'entityxf', 425000, 'super'),
('Esskey', 'esskey', 4200, 'motorcycles'),
('Exemplar', 'exemplar', 32000, 'coupes'),
('F620', 'f620', 40000, 'coupes'),
('Faction', 'faction', 20000, 'muscle'),
('Faction Rider', 'faction2', 30000, 'muscle'),
('Faction XL', 'faction3', 40000, 'muscle'),
('Faggio', 'faggio', 1900, 'motorcycles'),
('Vespa', 'faggio2', 2800, 'motorcycles'),
('Felon', 'felon', 42000, 'coupes'),
('Felon GT', 'felon2', 55000, 'coupes'),
('Feltzer', 'feltzer2', 55000, 'sports'),
('Stirling GT', 'feltzer3', 65000, 'sportsclassics'),
('Fixter (velo)', 'fixter', 225, 'motorcycles'),
('FMJ', 'fmj', 185000, 'super'),
('Fhantom', 'fq2', 17000, 'suvs'),
('Fugitive', 'fugitive', 12000, 'sedans'),
('Furore GT', 'furoregt', 45000, 'sports'),
('Fusilade', 'fusilade', 40000, 'sports'),
('Gargoyle', 'gargoyle', 16500, 'motorcycles'),
('Gauntlet', 'gauntlet', 30000, 'muscle'),
('Gang Burrito', 'gburrito', 45000, 'vans'),
('Burrito', 'gburrito2', 29000, 'vans'),
('Glendale', 'glendale', 6500, 'sedans'),
('Grabger', 'granger', 50000, 'suvs'),
('Gresley', 'gresley', 47500, 'suvs'),
('GT 500', 'gt500', 785000, 'sportsclassics'),
('Guardian', 'guardian', 45000, 'offroad'),
('Hakuchou', 'hakuchou', 31000, 'motorcycles'),
('Hakuchou Sport', 'hakuchou2', 55000, 'motorcycles'),
('Hermes', 'hermes', 535000, 'muscle'),
('Hexer', 'hexer', 12000, 'motorcycles'),
('Hotknife', 'hotknife', 125000, 'muscle'),
('Huntley S', 'huntley', 40000, 'suvs'),
('Hustler', 'hustler', 625000, 'muscle'),
('Infernus', 'infernus', 180000, 'super'),
('Innovation', 'innovation', 23500, 'motorcycles'),
('Intruder', 'intruder', 7500, 'sedans'),
('Issi', 'issi2', 10000, 'compacts'),
('Jackal', 'jackal', 38000, 'coupes'),
('Jester', 'jester', 65000, 'sports'),
('Jester(Racecar)', 'jester2', 135000, 'sports'),
('Journey', 'journey', 6500, 'vans'),
('Kamacho', 'kamacho', 345000, 'offroad'),
('Khamelion', 'khamelion', 38000, 'sports'),
('Kuruma', 'kuruma', 30000, 'sports'),
('Landstalker', 'landstalker', 35000, 'suvs'),
('RE-7B', 'le7b', 325000, 'super'),
('Lynx', 'lynx', 40000, 'sports'),
('Mamba', 'mamba', 70000, 'sports'),
('Manana', 'manana', 12800, 'sportsclassics'),
('Manchez', 'manchez', 5300, 'motorcycles'),
('Massacro', 'massacro', 65000, 'sports'),
('Massacro(Racecar)', 'massacro2', 130000, 'sports'),
('Mesa', 'mesa', 16000, 'suvs'),
('Mesa Trail', 'mesa3', 40000, 'suvs'),
('Minivan', 'minivan', 13000, 'vans'),
('Monroe', 'monroe', 55000, 'sportsclassics'),
('The Liberator', 'monster', 210000, 'offroad'),
('Moonbeam', 'moonbeam', 18000, 'vans'),
('Moonbeam Rider', 'moonbeam2', 35000, 'vans'),
('Nemesis', 'nemesis', 5800, 'motorcycles'),
('Neon', 'neon', 1500000, 'sports'),
('Nightblade', 'nightblade', 35000, 'motorcycles'),
('Nightshade', 'nightshade', 65000, 'muscle'),
('9F', 'ninef', 65000, 'sports'),
('9F Cabrio', 'ninef2', 80000, 'sports'),
('Omnis', 'omnis', 35000, 'sports'),
('Oppressor', 'oppressor', 3524500, 'super'),
('Oracle XS', 'oracle2', 35000, 'coupes'),
('Osiris', 'osiris', 160000, 'super'),
('Panto', 'panto', 10000, 'compacts'),
('Paradise', 'paradise', 19000, 'vans'),
('Pariah', 'pariah', 1420000, 'sports'),
('Patriot', 'patriot', 55000, 'suvs'),
('PCJ-600', 'pcj', 6200, 'motorcycles'),
('Penumbra', 'penumbra', 28000, 'sports'),
('Pfister', 'pfister811', 85000, 'super'),
('Phoenix', 'phoenix', 12500, 'muscle'),
('Picador', 'picador', 18000, 'muscle'),
('Pigalle', 'pigalle', 20000, 'sportsclassics'),
('Prairie', 'prairie', 12000, 'compacts'),
('Premier', 'premier', 8000, 'sedans'),
('Primo Custom', 'primo2', 14000, 'sedans'),
('X80 Proto', 'prototipo', 2500000, 'super'),
('Radius', 'radi', 29000, 'suvs'),
('raiden', 'raiden', 1375000, 'sports'),
('Rapid GT', 'rapidgt', 35000, 'sports'),
('Rapid GT Convertible', 'rapidgt2', 45000, 'sports'),
('Rapid GT3', 'rapidgt3', 885000, 'sportsclassics'),
('Reaper', 'reaper', 150000, 'super'),
('Rebel', 'rebel2', 35000, 'offroad'),
('Regina', 'regina', 5000, 'sedans'),
('Retinue', 'retinue', 615000, 'sportsclassics'),
('Revolter', 'revolter', 1610000, 'sports'),
('riata', 'riata', 380000, 'offroad'),
('Rocoto', 'rocoto', 45000, 'suvs'),
('Ruffian', 'ruffian', 6800, 'motorcycles'),
('Ruiner 2', 'ruiner2', 5745600, 'muscle'),
('Rumpo', 'rumpo', 15000, 'vans'),
('Rumpo Trail', 'rumpo3', 19500, 'vans'),
('Sabre Turbo', 'sabregt', 20000, 'muscle'),
('Sabre GT', 'sabregt2', 25000, 'muscle'),
('Sanchez', 'sanchez', 5300, 'motorcycles'),
('Sanchez Sport', 'sanchez2', 5300, 'motorcycles'),
('Sanctus', 'sanctus', 25000, 'motorcycles'),
('Sandking', 'sandking', 55000, 'offroad'),
('Savestra', 'savestra', 990000, 'sportsclassics'),
('SC 1', 'sc1', 1603000, 'super'),
('Schafter', 'schafter2', 25000, 'sedans'),
('Schafter V12', 'schafter3', 50000, 'sports'),
('Scorcher (velo)', 'scorcher', 280, 'motorcycles'),
('Seminole', 'seminole', 25000, 'suvs'),
('Sentinel', 'sentinel', 32000, 'coupes'),
('Sentinel XS', 'sentinel2', 40000, 'coupes'),
('Sentinel3', 'sentinel3', 650000, 'sports'),
('Seven 70', 'seven70', 39500, 'sports'),
('ETR1', 'sheava', 220000, 'super'),
('Shotaro Concept', 'shotaro', 320000, 'motorcycles'),
('Slam Van', 'slamvan3', 11500, 'muscle'),
('Sovereign', 'sovereign', 22000, 'motorcycles'),
('Stinger', 'stinger', 80000, 'sportsclassics'),
('Stinger GT', 'stingergt', 75000, 'sportsclassics'),
('Streiter', 'streiter', 500000, 'sports'),
('Stretch', 'stretch', 90000, 'sedans'),
('Stromberg', 'stromberg', 3185350, 'sports'),
('Sultan', 'sultan', 15000, 'sports'),
('Sultan RS', 'sultanrs', 65000, 'super'),
('Super Diamond', 'superd', 130000, 'sedans'),
('Surano', 'surano', 50000, 'sports'),
('Surfer', 'surfer', 12000, 'vans'),
('T20', 't20', 300000, 'super'),
('Tailgater', 'tailgater', 30000, 'sedans'),
('Tampa', 'tampa', 16000, 'muscle'),
('Drift Tampa', 'tampa2', 80000, 'sports'),
('Thrust', 'thrust', 24000, 'motorcycles'),
('Tri bike (velo)', 'tribike3', 520, 'motorcycles'),
('Trophy Truck', 'trophytruck', 60000, 'offroad'),
('Trophy Truck Limited', 'trophytruck2', 80000, 'offroad'),
('Tropos', 'tropos', 40000, 'sports'),
('Turismo R', 'turismor', 350000, 'super'),
('Tyrus', 'tyrus', 600000, 'super'),
('Vacca', 'vacca', 120000, 'super'),
('Vader', 'vader', 7200, 'motorcycles'),
('Verlierer', 'verlierer2', 70000, 'sports'),
('Vigero', 'vigero', 12500, 'muscle'),
('Virgo', 'virgo', 14000, 'muscle'),
('Viseris', 'viseris', 875000, 'sportsclassics'),
('Visione', 'visione', 2250000, 'super'),
('Voltic', 'voltic', 90000, 'super'),
('Voltic 2', 'voltic2', 3830400, 'super'),
('Voodoo', 'voodoo', 7200, 'muscle'),
('Vortex', 'vortex', 9800, 'motorcycles'),
('Warrener', 'warrener', 4000, 'sedans'),
('Washington', 'washington', 9000, 'sedans'),
('Windsor', 'windsor', 95000, 'coupes'),
('Windsor Drop', 'windsor2', 125000, 'coupes'),
('Woflsbane', 'wolfsbane', 9000, 'motorcycles'),
('XLS', 'xls', 32000, 'suvs'),
('Yosemite', 'yosemite', 485000, 'muscle'),
('Youga', 'youga', 10800, 'vans'),
('Youga Luxuary', 'youga2', 14500, 'vans'),
('Z190', 'z190', 900000, 'sportsclassics'),
('Zentorno', 'zentorno', 1500000, 'super'),
('Zion', 'zion', 36000, 'coupes'),
('Zion Cabrio', 'zion2', 45000, 'coupes'),
('Zombie', 'zombiea', 9500, 'motorcycles'),
('Zombie Luxuary', 'zombieb', 12000, 'motorcycles'),
('Z-Type', 'ztype', 220000, 'sportsclassics');

-- --------------------------------------------------------

--
-- Table structure for table `vehicle_categories`
--

CREATE TABLE `vehicle_categories` (
  `name` varchar(60) NOT NULL,
  `label` varchar(60) NOT NULL
) ENGINE=InnoDB DEFAULT CHARSET=latin1;

--
-- Dumping data for table `vehicle_categories`
--

INSERT INTO `vehicle_categories` (`name`, `label`) VALUES
('compacts', 'Compacts'),
('coupes', 'Coupes'),
('motorcycles', 'Motos'),
('muscle', 'Muscle'),
('offroad', 'Off Road'),
('sedans', 'Sedans'),
('sports', 'Sports'),
('sportsclassics', 'Sports Classics'),
('super', 'Super'),
('suvs', 'SUVs'),
('vans', 'Vans');

-- --------------------------------------------------------

--
-- Table structure for table `vehicle_sold`
--

CREATE TABLE `vehicle_sold` (
  `client` varchar(50) NOT NULL,
  `model` varchar(50) NOT NULL,
  `plate` varchar(50) NOT NULL,
  `soldby` varchar(50) NOT NULL,
  `date` varchar(50) NOT NULL
) ENGINE=InnoDB DEFAULT CHARSET=latin1;

-- --------------------------------------------------------

--
-- Table structure for table `weashops`
--

CREATE TABLE `weashops` (
  `id` int(11) NOT NULL,
  `name` varchar(255) NOT NULL,
  `item` varchar(255) NOT NULL,
  `price` int(11) NOT NULL
) ENGINE=InnoDB DEFAULT CHARSET=latin1;

--
-- Dumping data for table `weashops`
--

INSERT INTO `weashops` (`id`, `name`, `item`, `price`) VALUES
(1, 'GunShop', 'WEAPON_PISTOL', 300),
(2, 'BlackWeashop', 'WEAPON_PISTOL', 500),
(3, 'GunShop', 'WEAPON_FLASHLIGHT', 60),
(4, 'BlackWeashop', 'WEAPON_FLASHLIGHT', 70),
(5, 'GunShop', 'WEAPON_MACHETE', 90),
(6, 'BlackWeashop', 'WEAPON_MACHETE', 110),
(7, 'GunShop', 'WEAPON_NIGHTSTICK', 150),
(8, 'BlackWeashop', 'WEAPON_NIGHTSTICK', 150),
(9, 'GunShop', 'WEAPON_BAT', 100),
(10, 'BlackWeashop', 'WEAPON_BAT', 100),
(11, 'GunShop', 'WEAPON_STUNGUN', 50),
(12, 'BlackWeashop', 'WEAPON_STUNGUN', 50),
(13, 'GunShop', 'WEAPON_MICROSMG', 1400),
(14, 'BlackWeashop', 'WEAPON_MICROSMG', 1700),
(15, 'GunShop', 'WEAPON_PUMPSHOTGUN', 3400),
(16, 'BlackWeashop', 'WEAPON_PUMPSHOTGUN', 3500),
(17, 'GunShop', 'WEAPON_ASSAULTRIFLE', 10000),
(18, 'BlackWeashop', 'WEAPON_ASSAULTRIFLE', 11000),
(19, 'GunShop', 'WEAPON_SPECIALCARBINE', 15000),
(20, 'BlackWeashop', 'WEAPON_SPECIALCARBINE', 16500),
(21, 'GunShop', 'WEAPON_SNIPERRIFLE', 22000),
(22, 'BlackWeashop', 'WEAPON_SNIPERRIFLE', 24000),
(23, 'GunShop', 'WEAPON_FIREWORK', 18000),
(24, 'BlackWeashop', 'WEAPON_FIREWORK', 20000),
(25, 'GunShop', 'WEAPON_GRENADE', 500),
(26, 'BlackWeashop', 'WEAPON_GRENADE', 650),
(27, 'GunShop', 'WEAPON_BZGAS', 200),
(28, 'BlackWeashop', 'WEAPON_BZGAS', 350),
(29, 'GunShop', 'WEAPON_FIREEXTINGUISHER', 100),
(30, 'BlackWeashop', 'WEAPON_FIREEXTINGUISHER', 100),
(31, 'GunShop', 'WEAPON_BALL', 50),
(32, 'BlackWeashop', 'WEAPON_BALL', 50),
(33, 'GunShop', 'WEAPON_SMOKEGRENADE', 100),
(34, 'BlackWeashop', 'WEAPON_SMOKEGRENADE', 400),
(35, 'BlackWeashop', 'WEAPON_APPISTOL', 9500),
(36, 'BlackWeashop', 'WEAPON_CARBINERIFLE', 12000),
(37, 'BlackWeashop', 'WEAPON_HEAVYSNIPER', 30000),
(38, 'BlackWeashop', 'WEAPON_MINIGUN', 45000),
(39, 'BlackWeashop', 'WEAPON_RAILGUN', 50000),
(40, 'BlackWeashop', 'WEAPON_STICKYBOMB', 25000);

--
-- Indexes for dumped tables
--

--
-- Indexes for table `addon_account`
--
ALTER TABLE `addon_account`
  ADD PRIMARY KEY (`name`);

--
-- Indexes for table `addon_account_data`
--
ALTER TABLE `addon_account_data`
  ADD PRIMARY KEY (`id`);

--
-- Indexes for table `addon_inventory`
--
ALTER TABLE `addon_inventory`
  ADD PRIMARY KEY (`name`);

--
-- Indexes for table `addon_inventory_items`
--
ALTER TABLE `addon_inventory_items`
  ADD PRIMARY KEY (`id`);

--
-- Indexes for table `billing`
--
ALTER TABLE `billing`
  ADD PRIMARY KEY (`id`);

--
-- Indexes for table `cardealer_vehicles`
--
ALTER TABLE `cardealer_vehicles`
  ADD PRIMARY KEY (`id`);

--
-- Indexes for table `characters`
--
ALTER TABLE `characters`
  ADD PRIMARY KEY (`id`);

--
-- Indexes for table `datastore`
--
ALTER TABLE `datastore`
  ADD PRIMARY KEY (`name`);

--
-- Indexes for table `datastore_data`
--
ALTER TABLE `datastore_data`
  ADD PRIMARY KEY (`id`),
  ADD UNIQUE KEY `unique_datastore_owner_name` (`owner`,`name`),
  ADD KEY `index_datastore_name` (`name`);

--
-- Indexes for table `fine_types`
--
ALTER TABLE `fine_types`
  ADD PRIMARY KEY (`id`);

--
-- Indexes for table `items`
--
ALTER TABLE `items`
  ADD PRIMARY KEY (`name`);

--
-- Indexes for table `jail`
--
ALTER TABLE `jail`
  ADD PRIMARY KEY (`identifier`);

--
-- Indexes for table `jobs`
--
ALTER TABLE `jobs`
  ADD PRIMARY KEY (`name`);

--
-- Indexes for table `job_grades`
--
ALTER TABLE `job_grades`
  ADD PRIMARY KEY (`id`);

--
-- Indexes for table `licenses`
--
ALTER TABLE `licenses`
  ADD PRIMARY KEY (`type`);

--
-- Indexes for table `owned_properties`
--
ALTER TABLE `owned_properties`
  ADD PRIMARY KEY (`id`);

--
-- Indexes for table `owned_vehicles`
--
ALTER TABLE `owned_vehicles`
  ADD PRIMARY KEY (`id`);

--
-- Indexes for table `properties`
--
ALTER TABLE `properties`
  ADD PRIMARY KEY (`id`);

--
-- Indexes for table `rented_vehicles`
--
ALTER TABLE `rented_vehicles`
  ADD PRIMARY KEY (`plate`);

--
-- Indexes for table `shops`
--
ALTER TABLE `shops`
  ADD PRIMARY KEY (`id`);

--
-- Indexes for table `society_moneywash`
--
ALTER TABLE `society_moneywash`
  ADD PRIMARY KEY (`id`);

--
-- Indexes for table `users`
--
ALTER TABLE `users`
  ADD PRIMARY KEY (`identifier`);

--
-- Indexes for table `user_accounts`
--
ALTER TABLE `user_accounts`
  ADD PRIMARY KEY (`id`);

--
-- Indexes for table `user_contacts`
--
ALTER TABLE `user_contacts`
  ADD PRIMARY KEY (`id`);

--
-- Indexes for table `user_inventory`
--
ALTER TABLE `user_inventory`
  ADD PRIMARY KEY (`id`);

--
-- Indexes for table `user_licenses`
--
ALTER TABLE `user_licenses`
  ADD PRIMARY KEY (`id`);

--
-- Indexes for table `vehicles`
--
ALTER TABLE `vehicles`
  ADD PRIMARY KEY (`model`);

--
-- Indexes for table `vehicle_categories`
--
ALTER TABLE `vehicle_categories`
  ADD PRIMARY KEY (`name`);

--
-- Indexes for table `vehicle_sold`
--
ALTER TABLE `vehicle_sold`
  ADD PRIMARY KEY (`plate`);

--
-- Indexes for table `weashops`
--
ALTER TABLE `weashops`
  ADD PRIMARY KEY (`id`);

--
-- AUTO_INCREMENT for dumped tables
--

--
-- AUTO_INCREMENT for table `addon_account_data`
--
ALTER TABLE `addon_account_data`
  MODIFY `id` int(11) NOT NULL AUTO_INCREMENT, AUTO_INCREMENT=110;
--
-- AUTO_INCREMENT for table `addon_inventory_items`
--
ALTER TABLE `addon_inventory_items`
  MODIFY `id` int(11) NOT NULL AUTO_INCREMENT, AUTO_INCREMENT=3;
--
-- AUTO_INCREMENT for table `billing`
--
ALTER TABLE `billing`
  MODIFY `id` int(11) NOT NULL AUTO_INCREMENT;
--
-- AUTO_INCREMENT for table `cardealer_vehicles`
--
ALTER TABLE `cardealer_vehicles`
  MODIFY `id` int(11) NOT NULL AUTO_INCREMENT;
--
-- AUTO_INCREMENT for table `characters`
--
ALTER TABLE `characters`
  MODIFY `id` int(11) NOT NULL AUTO_INCREMENT, AUTO_INCREMENT=46;
--
-- AUTO_INCREMENT for table `datastore_data`
--
ALTER TABLE `datastore_data`
  MODIFY `id` int(11) NOT NULL AUTO_INCREMENT, AUTO_INCREMENT=254;
--
-- AUTO_INCREMENT for table `fine_types`
--
ALTER TABLE `fine_types`
  MODIFY `id` int(11) NOT NULL AUTO_INCREMENT, AUTO_INCREMENT=53;
--
-- AUTO_INCREMENT for table `job_grades`
--
ALTER TABLE `job_grades`
  MODIFY `id` int(11) NOT NULL AUTO_INCREMENT, AUTO_INCREMENT=32;
--
-- AUTO_INCREMENT for table `owned_properties`
--
ALTER TABLE `owned_properties`
  MODIFY `id` int(11) NOT NULL AUTO_INCREMENT, AUTO_INCREMENT=6;
--
-- AUTO_INCREMENT for table `owned_vehicles`
--
ALTER TABLE `owned_vehicles`
  MODIFY `id` int(11) NOT NULL AUTO_INCREMENT, AUTO_INCREMENT=37;
--
-- AUTO_INCREMENT for table `properties`
--
ALTER TABLE `properties`
  MODIFY `id` int(11) NOT NULL AUTO_INCREMENT, AUTO_INCREMENT=73;
--
-- AUTO_INCREMENT for table `shops`
--
ALTER TABLE `shops`
  MODIFY `id` int(11) NOT NULL AUTO_INCREMENT, AUTO_INCREMENT=7;
--
-- AUTO_INCREMENT for table `society_moneywash`
--
ALTER TABLE `society_moneywash`
  MODIFY `id` int(11) NOT NULL AUTO_INCREMENT;
--
-- AUTO_INCREMENT for table `user_accounts`
--
ALTER TABLE `user_accounts`
  MODIFY `id` int(11) NOT NULL AUTO_INCREMENT, AUTO_INCREMENT=57;
--
-- AUTO_INCREMENT for table `user_contacts`
--
ALTER TABLE `user_contacts`
  MODIFY `id` int(11) NOT NULL AUTO_INCREMENT, AUTO_INCREMENT=11;
--
-- AUTO_INCREMENT for table `user_inventory`
--
ALTER TABLE `user_inventory`
  MODIFY `id` int(11) NOT NULL AUTO_INCREMENT, AUTO_INCREMENT=2246;
--
-- AUTO_INCREMENT for table `user_licenses`
--
ALTER TABLE `user_licenses`
  MODIFY `id` int(11) NOT NULL AUTO_INCREMENT, AUTO_INCREMENT=30;
--
-- AUTO_INCREMENT for table `weashops`
--
ALTER TABLE `weashops`
  MODIFY `id` int(11) NOT NULL AUTO_INCREMENT, AUTO_INCREMENT=41;COMMIT;

/*!40101 SET CHARACTER_SET_CLIENT=@OLD_CHARACTER_SET_CLIENT */;
/*!40101 SET CHARACTER_SET_RESULTS=@OLD_CHARACTER_SET_RESULTS */;
/*!40101 SET COLLATION_CONNECTION=@OLD_COLLATION_CONNECTION */;
